"LastName","FirstName","MLBId","PlayerName","Status","Team","Team_RFB","Pos","Start","Bench","Pinch","primary","secondary","tertiary","total_innings","most_inning_primary"
"Abreu","Jose","547989","Jose Abreu","25-Man","CHA","CHA","3",2,0,0,"3","","","27","3"
"Ackley","Dustin","554429","Dustin Ackley","Not 25-Man","NYA","NYA","3497",0,0,0,"3497","","","0","3"
"Adames","Cristhian","542436","Cristhian Adames","25-Man","COL","COL","465",0,0,0,"465","","","0","4"
"Adams","Matt","571431","Matt Adams","25-Man","STL","NYA","793",1,1,1,"79","","3","9.1","7"
"Adrianza","Ehire","501303","Ehire Adrianza","Not 25-Man","SF","FA","64",0,0,0,"64","","","0","6"
"Ahmed","Nick","605113","Nick Ahmed","25-Man","ARI","ARI","6",2,0,0,"6","","","18","6"
"Alberto","Hanser","593643","Hanser Alberto","Not 25-Man","TEX","TEX","6435",0,0,0,"6435","","","0","6"
"Almora","Albert","546991","Albert Almora","25-Man","CHN","CHN","879",1,0,0,"879","","","9","8"
"Alonso","Yonder","475174","Yonder Alonso","25-Man","OAK","NYN","35",3,0,1,"3","","5","38","3"
"Altuve","Jose","514888","Jose Altuve","25-Man","HOU","HOU","46",3,0,0,"4","","6","49","4"
"Alvarez","Pedro","476883","Pedro Alvarez","25-Man","BAL","HOU","5",0,0,0,"5","","","0","5"
"Amarista","Alexi","506560","Alexi Amarista","25-Man","SD","SD","56497",0,0,2,"56497","","","0","5"
"Anderson","Tim","641313","Tim Anderson","25-Man","CHA","CHA","6",2,0,0,"6","","","27","6"
"Anderson","Bryan","457762","Bryan Anderson","Not 25-Man","OAK","OAK","2",0,0,0,"2","","","0","2"
"Andrus","Elvis","462101","Elvis Andrus","25-Man","TEX","DET","6",3,0,0,"6","","","36","6"
"Aoki","Nori","493114","Nori Aoki","25-Man","SEA","ATL","798",4,0,0,"79","","8","31","7"
"Arcia","Oswaldo","542455","Oswaldo Arcia","Not 25-Man","MIN","ARI","79",0,0,0,"79","","","0","7"
"Arenado","Nolan","571448","Nolan Arenado","25-Man","COL","CLE","5",3,0,0,"5","","","44","5"
"Asche","Cody","605125","Cody Asche","25-Man","PHI","PHI","79",1,0,0,"79","","","0","7"
"Avila","Alex","488671","Alex Avila","25-Man","CHA","DET","2",0,0,1,"2","","","0","2"
"Aviles","Mike","449107","Mike Aviles","Not 25-Man","DET","MIA","54769",0,0,0,"54769","","","0","5"
"Aybar","Erick","430947","Erick Aybar","25-Man","ATL","TB","64",2,1,0,"6","","4","41","6"
"Baez","Javier","595879","Javier Baez","25-Man","CHN","CLE","46",0,1,1,"4","","6","25.1","4"
"Bandy","Jett","542908","Jett Bandy","25-Man","LAA","LAA","2",1,0,1,"2","","","24","2"
"Barnes","Brandon","488681","Brandon Barnes","Not 25-Man","COL","MIA","789",0,0,0,"789","","","0","7"
"Barnes","Austin","605131","Austin Barnes","25-Man","LAN","CHN","24",1,0,0,"2","","4","9","2"
"Barney","Darwin","446381","Darwin Barney","25-Man","TOR","TOR","4759",1,0,1,"4","","759","11","4"
"Barnhart","Tucker","571466","Tucker Barnhart","25-Man","CIN","CIN","2",3,0,0,"2","","","27","2"
"Bautista","Jose","430832","Jose Bautista","25-Man","TOR","TOR","973",3,0,0,"97","","3","35.2","9"
"Beckham","Gordon","493596","Gordon Beckham","Not 25-Man","ATL","BAL","456",0,0,0,"456","","","0","4"
"Beckham","Tim","542921","Tim Beckham","25-Man","TB","TB","64",3,0,0,"6","","4","44","6"
"Belt","Brandon","474832","Brandon Belt","25-Man","SF","SF","379",3,0,0,"3","","79","41.2","3"
"Beltran","Carlos","136860","Carlos Beltran","25-Man","NYA","NYA","79",3,0,0,"79","","","7","7"
"Beltre","Adrian","134181","Adrian Beltre","Not 25-Man","TEX","NYA","5",0,0,0,"5","","","0","5"
"Bethancourt","Christian","542194","Christian Bethancourt","25-Man","SD","SD","12",0,0,2,"1","","2","1.2","1"
"Betts","Mookie","605141","Mookie Betts","25-Man","BOS","BOS","97",0,0,0,"97","","","9","9"
"Blackmon","Charlie","453568","Charlie Blackmon","25-Man","COL","WAS","8797",4,0,0,"8797","","","44","8"
"Blanco","Andres","433217","Andres Blanco","25-Man","PHI","TEX","453679",0,0,1,"453679","","","0","4"
"Blanco","Gregor","453923","Gregor Blanco","Not 25-Man","SF","MIA","879",0,0,0,"879","","","0","8"
"Blash","Jabari","518466","Jabari Blash","Not 25-Man","SD","MIA","97",0,0,1,"97","","","0","9"
"Bogaerts","Xander","593428","Xander Bogaerts","25-Man","BOS","BOS","6",1,0,0,"6","","","21","6"
"Bour","Justin","571506","Justin Bour","25-Man","MIA","MIA","3",3,0,0,"3","","","35","3"
"Bourgeois","Jason","430652","Jason Bourgeois","Not 25-Man","ARI","CHA","789",0,0,0,"789","","","0","7"
"Bourjos","Peter","488721","Peter Bourjos","Not 25-Man","PHI","TEX","79",1,1,0,"79","","","17","7"
"Bourn","Michael","456422","Michael Bourn","25-Man","ARI","DET","8997",0,0,0,"8997","","","0","8"
"Bradley Jr.","Jackie","598265","Jackie Bradley Jr.","25-Man","BOS","BOS","8797",2,0,0,"8797","","","29","8"
"Brantley","Michael","488726","Michael Brantley","25-Man","CLE","CLE","79",1,1,0,"79","","","28","7"
"Braun","Ryan","460075","Ryan Braun","25-Man","MIL","MIL","79",2,0,1,"79","","","38","7"
"Brignac","Reid","458582","Reid Brignac","Not 25-Man","ATL","ATL","45",0,0,0,"45","","","0","4"
"Brito","Socrates","593647","Socrates Brito","Not 25-Man","ARI","ARI","789",0,0,0,"789","","","0","7"
"Brown","Trevor","623143","Trevor Brown","Not 25-Man","SF","SF","2",0,0,0,"2","","","0","2"
"Broxton","Keon","542979","Keon Broxton","25-Man","MIL","MIL","8797",0,0,2,"8797","","","21.2","8"
"Bruce","Jay","457803","Jay Bruce","25-Man","CIN","SF","97",2,0,0,"97","","","39","9"
"Bryant","Kris","592178","Kris Bryant","25-Man","CHN","CHN","579",2,0,0,"5","","79","36.3","5"
"Burns","Billy","542993","Billy Burns","25-Man","OAK","OAK","8997",0,0,0,"8997","","","0","8"
"Burns","Andrew","542992","Andrew Burns","Not 25-Man","TOR","TOR","759",0,0,0,"759","","","0","7"
"Burriss","Emmanuel","502034","Emmanuel Burriss","Not 25-Man","PHI","PHI","7349",0,0,0,"7349","","","0","7"
"Butera","Drew","460077","Drew Butera","25-Man","KC","LAN","23",0,0,0,"23","","","0","2"
"Butler","Billy","456714","Billy Butler","Not 25-Man","OAK","OAK","3",0,0,0,"3","","","0","3"
"Buxton","Byron","621439","Byron Buxton","25-Man","MIN","BAL","8797",3,0,0,"8797","","","36","8"
"Byrd","Marlon","407781","Marlon Byrd","Not 25-Man","CLE","NYA","79",0,0,0,"79","","","0","7"
"Cabrera","Melky","466320","Melky Cabrera","25-Man","CHA","PIT","79",2,0,0,"79","","","25","7"
"Cabrera","Ramon","541608","Ramon Cabrera","Not 25-Man","CIN","CIN","2",0,0,0,"2","","","0","2"
"Cabrera","Miguel","408234","Miguel Cabrera","25-Man","DET","DET","35",2,0,0,"3","","5","24","3"
"Cabrera","Asdrubal","452678","Asdrubal Cabrera","25-Man","NYN","NYN","6",3,0,0,"6","","","38.2","6"
"Cain","Lorenzo","456715","Lorenzo Cain","25-Man","KC","ATL","8797",3,0,0,"8797","","","33","8"
"Calhoun","Kole","594777","Kole Calhoun","25-Man","LAA","LAA","97",3,0,0,"97","","","43","9"
"Campbell","Eric","493472","Eric Campbell","Not 25-Man","NYN","NYN","37549",0,0,0,"37549","","","0","3"
"Canha","Mark","592192","Mark Canha","25-Man","OAK","SD","973",1,1,0,"97","","3","13","9"
"Cano","Robinson","429664","Robinson Cano","25-Man","SEA","SEA","4",3,0,0,"4","","","45.2","4"
"Carpenter","Matt","572761","Matt Carpenter","25-Man","STL","STL","35",2,0,0,"3","","5","36","3"
"Carrera","Ezequiel","485567","Ezequiel Carrera","25-Man","TOR","TOR","79",1,0,1,"79","","","20","7"
"Carter","Chris","474892","Chris Carter","25-Man","MIL","MIL","3",0,0,1,"3","","","0","3"
"Casali","Curt","592200","Curt Casali","25-Man","TB","TB","2",0,0,0,"2","","","0","2"
"Castellanos","Nick","592206","Nick Castellanos","25-Man","DET","MIA","5",2,0,0,"5","","","26","5"
"Castillo","Welington","456078","Welington Castillo","25-Man","ARI","ARI","2",1,0,0,"2","","","29","2"
"Castillo","Rusney","628329","Rusney Castillo","Not 25-Man","BOS","LAN","8997",0,0,0,"8997","","","0","8"
"Castro","Daniel","593495","Daniel Castro","Not 25-Man","ATL","ATL","645",0,0,0,"645","","","0","6"
"Castro","Jason","488771","Jason Castro","25-Man","HOU","PHI","2",2,0,0,"2","","","27","2"
"Castro","Starlin","516770","Starlin Castro","25-Man","NYA","PHI","46",3,0,0,"4","","6","33","4"
"Centeno","Juan","518542","Juan Centeno","25-Man","MIN","SD","2",0,0,0,"2","","","0","2"
"Cervelli","Francisco","465041","Francisco Cervelli","25-Man","PIT","MIN","23",2,0,0,"2","","3","28.1","2"
"Cespedes","Yoenis","493316","Yoenis Cespedes","25-Man","NYN","TEX","798",2,0,0,"79","","8","39","7"
"Chirinos","Robinson","455139","Robinson Chirinos","25-Man","TEX","TEX","2",1,0,0,"2","","","9","2"
"Chisenhall","Lonnie","502082","Lonnie Chisenhall","Not 25-Man","CLE","CLE","9897",0,0,0,"9897","","","0","9"
"Choi","Ji-Man","596847","Ji-Man Choi","Not 25-Man","LAA","STL","739",0,0,0,"739","","","0","7"
"Choo","Shin-Soo","425783","Shin-Soo Choo","25-Man","TEX","LAN","97",4,0,0,"97","","","7","9"
"Clevenger","Steve","502182","Steve Clevenger","Not 25-Man","SEA","WAS","2",0,0,0,"2","","","0","2"
"Coats","Jason","605183","Jason Coats","Not 25-Man","CHA","CHA","79",0,0,0,"79","","","0","7"
"Coghlan","Chris","458085","Chris Coghlan","Not 25-Man","OAK","MIA","47957",0,0,0,"47957","","","0","4"
"Colabello","Chris","499624","Chris Colabello","25-Man","TOR","TOR","379",0,0,0,"379","","","0","3"
"Collins","Tyler","607385","Tyler Collins","25-Man","DET","DET","978",1,0,1,"97","","8","19","9"
"Colon","Christian","518568","Christian Colon","Not 25-Man","KC","KC","45",0,0,0,"45","","","0","4"
"Conforto","Michael","624424","Michael Conforto","25-Man","NYN","NYN","79",0,0,3,"79","","","0","7"
"Conger","Hank","474233","Hank Conger","Not 25-Man","TB","MIA","2",0,0,0,"2","","","0","2"
"Correa","Carlos","621043","Carlos Correa","25-Man","HOU","MIA","6",4,0,0,"6","","","49","6"
"Cowart","Kaleb","592230","Kaleb Cowart","Not 25-Man","LAA","SEA","53",0,0,0,"53","","","0","5"
"Cowgill","Collin","518577","Collin Cowgill","Not 25-Man","CLE","ATL","97",0,0,0,"97","","","0","9"
"Cozart","Zack","446359","Zack Cozart","25-Man","CIN","STL","6",2,0,0,"6","","","36","6"
"Crawford","Carl","408307","Carl Crawford","Not 25-Man","LAN","NYA","79",0,0,0,"79","","","0","7"
"Crawford","Brandon","543063","Brandon Crawford","25-Man","SF","SF","6",3,0,0,"6","","","41.2","6"
"Crisp","Coco","424825","Coco Crisp","Not 25-Man","OAK","SD","879",0,0,0,"879","","","0","8"
"Cron","C.J.","543068","C.J. Cron","25-Man","LAA","LAA","3",4,0,0,"3","","","34","3"
"Cruz","Tony","488810","Tony Cruz","Not 25-Man","KC","KC","2",0,0,0,"2","","","0","2"
"Cruz","Nelson","443558","Nelson Cruz","25-Man","SEA","TEX","97",3,0,0,"97","","","0","9"
"Culberson","Charlie","518586","Charlie Culberson","Not 25-Man","LAN","LAN","56749",0,0,0,"56749","","","0","5"
"Cunningham","Todd","592239","Todd Cunningham","Not 25-Man","LAA","LAA","79",0,0,0,"79","","","0","7"
"Cuthbert","Cheslor","596144","Cheslor Cuthbert","25-Man","KC","KC","5",0,0,0,"5","","","8","5"
"d'Arnaud","Chase","488818","Chase d'Arnaud","Not 25-Man","ATL","MIA","79",0,0,1,"79","","","3","7"
"d'Arnaud","Travis","518595","Travis d'Arnaud","25-Man","NYN","NYN","2",1,0,2,"2","","","23","2"
"Davis","Rajai","434658","Rajai Davis","25-Man","CLE","PIT","879",4,0,0,"879","","","44","8"
"Davis","Chris","448801","Chris Davis","25-Man","BAL","SD","3",1,0,0,"3","","","29","3"
"Davis","Khris","501981","Khris Davis","25-Man","OAK","LAN","79",3,0,0,"79","","","44","7"
"De Aza","Alejandro","457477","Alejandro De Aza","Not 25-Man","NYN","TEX","789",0,0,0,"789","","","0","7"
"De Jesus","Ivan","474443","Ivan De Jesus","25-Man","CIN","OAK","4653",0,0,0,"4653","","","0","4"
"den Dekker","Matt","544925","Matt den Dekker","25-Man","WAS","WAS","897",0,0,0,"897","","","0","8"
"Descalso","Daniel","518614","Daniel Descalso","Not 25-Man","COL","MIA","45",1,1,3,"4","","5","12.2","4"
"DeShields","Delino","592261","Delino DeShields","25-Man","TEX","OAK","8797",0,0,0,"8797","","","0","8"
"Desmond","Ian","435622","Ian Desmond","Not 25-Man","TEX","MIA","789",0,0,0,"789","","","0","7"
"Diaz","Aledmys","649557","Aledmys Diaz","25-Man","STL","NYA","64",2,0,0,"6","","4","36","6"
"Dickerson","Alex","543105","Alex Dickerson","Not 25-Man","SD","SD","79",0,0,0,"79","","","0","7"
"Dickerson","Corey","572816","Corey Dickerson","25-Man","TB","TB","79",1,1,1,"79","","","1","7"
"Dietrich","Derek","518618","Derek Dietrich","25-Man","MIA","MIA","54",3,1,0,"5","","4","26","5"
"Dominguez","Matt","518625","Matt Dominguez","Not 25-Man","TOR","TOR","53",0,0,0,"53","","","0","5"
"Donaldson","Josh","518626","Josh Donaldson","25-Man","TOR","TOR","5",3,0,0,"5","","","35.2","5"
"Dozier","Brian","572821","Brian Dozier","25-Man","MIN","STL","4",2,0,0,"4","","","36","4"
"Drew","Stephen","452220","Stephen Drew","25-Man","WAS","WAS","56",1,0,3,"5","","6","9","5"
"Drury","Brandon","592273","Brandon Drury","25-Man","ARI","ARI","479",2,0,0,"4","","79","32.1","4"
"Duda","Lucas","446263","Lucas Duda","25-Man","NYN","NYN","3",1,0,1,"3","","","21","3"
"Duffy","Matt","592274","Matt Duffy","Not 25-Man","HOU","HOU","5",0,0,0,"5","","","0","5"
"Duffy","Matt","622110","Matt Duffy","Not 25-Man","SF","NYA","5",0,0,0,"5","","","0","5"
"Duvall","Adam","594807","Adam Duvall","25-Man","CIN","CIN","793",3,0,0,"79","","3","36","7"
"Dyson","Jarrod","502481","Jarrod Dyson","25-Man","KC","KC","798",4,0,0,"79","","8","45.2","7"
"Eaton","Adam","594809","Adam Eaton","25-Man","CHA","CHA","8997",3,0,0,"8997","","","37","8"
"Eibner","Brett","518649","Brett Eibner","Not 25-Man","KC","KC","79",0,0,0,"79","","","0","7"
"Ellis","A.J.","454560","A.J. Ellis","25-Man","LAN","CHN","2",1,0,0,"2","","","9","2"
"Ellsbury","Jacoby","453056","Jacoby Ellsbury","25-Man","NYA","BOS","8797",4,0,0,"8797","","","33","8"
"Elmore","Jake","518653","Jake Elmore","Not 25-Man","MIL","MIA","6",0,0,0,"6","","","0","6"
"Encarnacion","Edwin","429665","Edwin Encarnacion","25-Man","TOR","TEX","3",2,0,0,"3","","","26","3"
"Escobar","Alcides","444876","Alcides Escobar","25-Man","KC","KC","6",3,0,0,"6","","","33","6"
"Escobar","Yunel","488862","Yunel Escobar","25-Man","LAA","KC","5",4,0,0,"5","","","43","5"
"Escobar","Eduardo","500871","Eduardo Escobar","25-Man","MIN","LAA","6579",1,0,0,"65","","79","18","5"
"Espinosa","Danny","457787","Danny Espinosa","25-Man","WAS","LAN","46",2,0,1,"4","","6","35","4"
"Federowicz","Tim","543148","Tim Federowicz","Not 25-Man","CHN","NYA","2",0,0,0,"2","","","0","2"
"Fielder","Prince","425902","Prince Fielder","Not 25-Man","TEX","MIA","3",0,0,0,"3","","","0","3"
"Figueroa","Cole","502676","Cole Figueroa","Not 25-Man","PIT","NYA","456",0,0,0,"456","","","0","4"
"Flaherty","Ryan","475247","Ryan Flaherty","Not 25-Man","BAL","BAL","5739",0,0,0,"5739","","","0","5"
"Flores","Ramon","570717","Ramon Flores","Not 25-Man","MIL","TOR","8793",0,0,0,"8793","","","0","8"
"Flores","Wilmer","527038","Wilmer Flores","25-Man","NYN","NYN","356",2,1,0,"3","","56","18.1","3"
"Flowers","Tyler","452095","Tyler Flowers","Not 25-Man","ATL","ATL","2",1,0,2,"2","","","16","2"
"Forsythe","Logan","523253","Logan Forsythe","25-Man","TB","SD","45",3,0,0,"4","","5","44","4"
"Fowler","Dexter","451594","Dexter Fowler","25-Man","CHN","CHN","8797",2,0,0,"8797","","","36","8"
"Franco","Maikel","596748","Maikel Franco","25-Man","PHI","PHI","5",3,0,0,"5","","","34","5"
"Francoeur","Jeff","425796","Jeff Francoeur","Not 25-Man","ATL","BAL","79",0,0,0,"79","","","0","7"
"Franklin","Nick","545338","Nick Franklin","25-Man","TB","TB","79",0,0,0,"79","","","0","7"
"Frazier","Todd","453943","Todd Frazier","25-Man","CHA","DET","5",2,0,0,"5","","","27","5"
"Frazier","Adam","624428","Adam Frazier","25-Man","PIT","PIT","794",1,0,1,"79","","4","8","7"
"Freeman","Freddie","518692","Freddie Freeman","25-Man","ATL","ATL","3",3,0,0,"3","","","36","3"
"Freese","David","501896","David Freese","25-Man","PIT","PIT","54",2,0,0,"5","","4","27.1","5"
"Fryer","Eric","518700","Eric Fryer","Not 25-Man","STL","NYA","2",0,0,0,"2","","","0","2"
"Fuentes","Reymond","571681","Reymond Fuentes","25-Man","KC","MIN","97",0,0,0,"97","","","0","9"
"Galvis","Freddy","520471","Freddy Galvis","25-Man","PHI","PHI","6",3,0,0,"6","","","34","6"
"Gamel","Benjamin","592325","Benjamin Gamel","25-Man","NYA","OAK","97",0,0,0,"97","","","0","9"
"Garcia","Adonis","611177","Adonis Garcia","Not 25-Man","ATL","ATL","579",4,0,0,"5","","79","32.1","5"
"Garcia","Avisail","541645","Avisail Garcia","25-Man","CHA","LAA","97",1,0,0,"97","","","27","9"
"Garcia","Greg","594824","Greg Garcia","25-Man","STL","STL","56",0,0,2,"5","","6","1.2","5"
"Gardner","Brett","458731","Brett Gardner","25-Man","NYA","NYA","79",2,0,0,"79","","","31","7"
"Garneau","Dustin","572863","Dustin Garneau","25-Man","COL","COL","2",2,1,0,"2","","","20","2"
"Gattis","Evan","594828","Evan Gattis","25-Man","HOU","HOU","2",1,0,0,"2","","","22","2"
"Gennett","Scooter","571697","Scooter Gennett","25-Man","MIL","MIL","45",1,0,1,"45","","","11","5"
"Gentry","Craig","502226","Craig Gentry","Not 25-Man","LAA","MIA","97",0,0,0,"97","","","4","9"
"Giavotella","Johnny","543213","Johnny Giavotella","Not 25-Man","LAA","BAL","4",0,0,0,"4","","","0","4"
"Gillaspie","Conor","543216","Conor Gillaspie","Not 25-Man","SF","SF","53",0,0,4,"53","","","0","5"
"Gillespie","Cole","502261","Cole Gillespie","Not 25-Man","MIA","MIA","9738",0,0,0,"9738","","","0","9"
"Gimenez","Chris","460269","Chris Gimenez","Not 25-Man","CLE","MIA","253",1,0,1,"2","","53","10","2"
"Goeddel","Tyler","595963","Tyler Goeddel","Not 25-Man","PHI","SD","79",0,0,0,"79","","","0","7"
"Goins","Ryan","572365","Ryan Goins","25-Man","TOR","TOR","46",0,0,0,"46","","","0","4"
"Goldschmidt","Paul","502671","Paul Goldschmidt","25-Man","ARI","ARI","3",3,0,0,"3","","","45","3"
"Gomes","Yan","543228","Yan Gomes","25-Man","CLE","WAS","2",2,0,1,"2","","","29","2"
"Gomez","Carlos","460576","Carlos Gomez","25-Man","HOU","OAK","8797",2,0,0,"8797","","","36","8"
"Gonzalez","Carlos","471865","Carlos Gonzalez","Not 25-Man","COL","COL","97",3,0,0,"97","","","44","9"
"Gonzalez","Marwin","503556","Marwin Gonzalez","25-Man","HOU","HOU","354",0,0,2,"35","","4","19","3"
"Gonzalez","Adrian","408236","Adrian Gonzalez","25-Man","LAN","LAA","3",2,0,1,"3","","","36","3"
"Gonzalez","Miguel","544838","Miguel Gonzalez","Not 25-Man","DET","DET","2",0,0,0,"2","","","0","2"
"Gordon","Alex","460086","Alex Gordon","25-Man","KC","KC","79",3,0,0,"79","","","33","7"
"Gordon","Dee","543829","Dee Gordon","25-Man","MIA","MIA","4",3,0,0,"4","","","35","4"
"Gore","Terrance","605253","Terrance Gore","Not 25-Man","KC","KC","79",0,0,0,"79","","","0","7"
"Gose","Anthony","543238","Anthony Gose","25-Man","DET","DET","8797",0,0,0,"8797","","","0","8"
"Gosselin","Phil","594838","Phil Gosselin","25-Man","ARI","SF","345",0,0,2,"3","4","5","3.1","3"
"Grandal","Yasmani","518735","Yasmani Grandal","25-Man","LAN","LAN","23",2,0,0,"2","","3","35","2"
"Granderson","Curtis","434158","Curtis Granderson","25-Man","NYN","NYN","8997",3,0,0,"8997","","","39","8"
"Gregorius","Didi","544369","Didi Gregorius","Not 25-Man","NYA","SEA","6",0,0,0,"6","","","0","6"
"Grichuk","Randal","545341","Randal Grichuk","25-Man","STL","STL","798",2,0,0,"79","","8","35.3","7"
"Grossman","Robbie","543257","Robbie Grossman","25-Man","MIN","MIN","789",2,0,0,"789","","","0","7"
"Gutierrez","Franklin","429711","Franklin Gutierrez","25-Man","SEA","CLE","79",2,0,1,"79","","","17","7"
"Guyer","Brandon","446386","Brandon Guyer","25-Man","TB","DET","978",1,0,0,"97","","8","14","7"
"Gyorko","Jedd","576397","Jedd Gyorko","25-Man","STL","STL","456",1,1,0,"45","","6","15","5"
"Hamilton","Billy","571740","Billy Hamilton","25-Man","CIN","CIN","8797",3,0,0,"8797","","","36","8"
"Hanigan","Ryan","452672","Ryan Hanigan","Not 25-Man","BOS","MIA","2",0,0,0,"2","","","0","2"
"Hardy","J.J.","429666","J.J. Hardy","25-Man","BAL","BAL","6",2,0,0,"6","","","29","6"
"Harper","Bryce","547180","Bryce Harper","25-Man","WAS","WAS","97",3,0,0,"97","","","37","9"
"Harrison","Josh","543281","Josh Harrison","25-Man","PIT","PIT","45",2,0,0,"4","","5","28.1","4"
"Hazelbaker","Jeremy","571757","Jeremy Hazelbaker","Not 25-Man","STL","STL","879",0,0,4,"879","","","0","8"
"Headley","Chase","452104","Chase Headley","25-Man","NYA","SEA","5",2,0,0,"5","","","33","5"
"Hechavarria","Adeiny","588751","Adeiny Hechavarria","25-Man","MIA","HOU","6",2,0,0,"6","","","35","6"
"Heisey","Chris","502317","Chris Heisey","Not 25-Man","WAS","MIA","789",0,0,0,"789","","","0","7"
"Hernandez","Marco","593523","Marco Hernandez","25-Man","BOS","BOS","64",1,0,0,"6","","4","8","6"
"Hernandez","Kike","571771","Kike Hernandez","25-Man","LAN","LAN","6879",1,1,0,"6879","","","17","8"
"Hernandez","Cesar","514917","Cesar Hernandez","25-Man","PHI","CIN","4",3,0,0,"4","","","34","4"
"Herrera","Odubel","546318","Odubel Herrera","25-Man","PHI","PHI","8797",3,0,0,"8797","","","34","8"
"Herrmann","Chris","543302","Chris Herrmann","25-Man","ARI","ARI","792",1,0,0,"79","","2","11","7"
"Heyward","Jason","518792","Jason Heyward","25-Man","CHN","HOU","8997",2,0,0,"8997","","","36.3","9"
"Hicks","Aaron","543305","Aaron Hicks","25-Man","NYA","LAN","79",0,1,1,"79","","","2","7"
"Hill","Aaron","431094","Aaron Hill","25-Man","MIL","ATL","7945",2,0,1,"79","4","5","16.3","7"
"Holaday","Bryan","592407","Bryan Holaday","Not 25-Man","TEX","BAL","279",0,0,0,"279","","","0","2"
"Holliday","Matt","407812","Matt Holliday","25-Man","STL","CLE","379",2,0,0,"379","","","0","3"
"Holt","Tyler","534627","Tyler Holt","Not 25-Man","CIN","BAL","798",0,0,0,"798","","","0","7"
"Holt","Brock","571788","Brock Holt","25-Man","BOS","SF","75649",1,0,0,"75649","","","0","7"
"Hosmer","Eric","543333","Eric Hosmer","25-Man","KC","LAN","3",2,0,0,"3","","","33","3"
"Howard","Ryan","429667","Ryan Howard","Not 25-Man","PHI","SD","3",0,0,0,"3","","","0","3"
"Hoying","Jared","592419","Jared Hoying","Not 25-Man","TEX","CHA","79",0,0,0,"79","","","0","7"
"Hundley","Nick","460026","Nick Hundley","25-Man","COL","HOU","2",1,0,0,"2","","","8","2"
"Hunter","Cedric","501986","Cedric Hunter","Not 25-Man","PHI","PHI","79",0,0,0,"79","","","0","7"
"Iannetta","Chris","455104","Chris Iannetta","25-Man","SEA","SEA","2",1,0,1,"2","","","18","2"
"Iglesias","Jose","578428","Jose Iglesias","25-Man","DET","TEX","6",1,0,0,"6","","","26","6"
"Inciarte","Ender","542255","Ender Inciarte","25-Man","ATL","TEX","879",2,0,0,"879","","","36","8"
"Infante","Omar","408299","Omar Infante","Not 25-Man","KC","NYA","4",0,0,0,"4","","","0","4"
"Jackson","Austin","457706","Austin Jackson","25-Man","CHA","TEX","8797",1,1,1,"8797","","","15","8"
"Janish","Paul","457926","Paul Janish","Not 25-Man","BAL","BAL","65",0,0,0,"65","","","0","6"
"Jankowski","Travis","608671","Travis Jankowski","25-Man","SD","OAK","798",3,0,0,"79","","8","42","7"
"Jaso","John","444379","John Jaso","25-Man","PIT","TOR","3",0,0,1,"3","","","5","3"
"Jay","Jon","445055","Jon Jay","25-Man","SD","PIT","8797",1,1,1,"8797","","","13.2","8"
"Jennings","Desmond","457775","Desmond Jennings","Not 25-Man","TB","CIN","789",0,0,0,"789","","","0","7"
"Johnson","Kelly","430637","Kelly Johnson","Not 25-Man","ATL","SD","74349",0,0,0,"74349","","","0","7"
"Johnson","Micah","608672","Micah Johnson","Not 25-Man","LAN","LAN","4",0,0,0,"4","","","0","4"
"Johnson","Chris","453400","Chris Johnson","Not 25-Man","MIA","MIA","3759",0,0,0,"3759","","","0","3"
"Jones","Adam","430945","Adam Jones","25-Man","BAL","KC","8797",2,0,0,"8797","","","29","8"
"Joseph","Caleb","543376","Caleb Joseph","Not 25-Man","BAL","SF","2",0,0,0,"2","","","0","2"
"Joseph","Tommy","571830","Tommy Joseph","25-Man","PHI","PHI","3",2,1,0,"3","","","28","3"
"Joyce","Matt","459964","Matt Joyce","25-Man","PIT","MIN","97",2,1,0,"97","","","31","9"
"Kalish","Ryan","501888","Ryan Kalish","Not 25-Man","CHN","CHN","79",0,0,0,"79","","","0","7"
"Kang","Jung Ho","628356","Jung Ho Kang","Not 25-Man","PIT","HOU","5",0,0,0,"5","","","0","5"
"Kawasaki","Munenori","493128","Munenori Kawasaki","Not 25-Man","CHN","CHN","54",0,0,0,"54","","","0","5"
"Kelly","Tyler","571841","Tyler Kelly","Not 25-Man","NYN","NYN","55",0,0,1,"55","","","0","5"
"Kemp","Anthony","643393","Anthony Kemp","Not 25-Man","HOU","HOU","7794",0,0,0,"7794","","","0","7"
"Kemp","Matt","461314","Matt Kemp","25-Man","SD","LAN","79",2,0,0,"79","","","33","7"
"Kendrick","Howie","435062","Howie Kendrick","25-Man","LAN","LAN","794",1,0,0,"79","","4","26","7"
"Kepler","Max","596146","Max Kepler","25-Man","MIN","MIN","978",3,0,0,"97","","8","36","9"
"Kiermaier","Kevin","595281","Kevin Kiermaier","25-Man","TB","TB","8797",3,0,0,"8797","","","45","8"
"Kim","Hyun Soo","547957","Hyun Soo Kim","25-Man","BAL","BAL","79",0,1,0,"79","","","13","7"
"Kinsler","Ian","435079","Ian Kinsler","25-Man","DET","WAS","4",2,0,0,"4","","","24","4"
"Kipnis","Jason","543401","Jason Kipnis","Not 25-Man","CLE","CLE","4",0,0,0,"4","","","0","4"
"Kratz","Erik","456124","Erik Kratz","Not 25-Man","HOU","FA","22",0,0,0,"22","","","0","2"
"La Stella","Tommy","600303","Tommy La Stella","Not 25-Man","CHN","CHN","54",0,0,2,"54","","","0","5"
"Ladendorf","Tyler","502285","Tyler Ladendorf","Not 25-Man","OAK","TEX","495897",0,0,0,"495897","","","0","4"
"Lagares","Juan","501571","Juan Lagares","Not 25-Man","NYN","NYN","879",0,0,0,"879","","","0","8"
"Lamb","Jake","571875","Jake Lamb","25-Man","ARI","ARI","5",3,0,0,"5","","","45","5"
"Lambo","Andrew","518911","Andrew Lambo","Not 25-Man","OAK","BAL","79",0,0,0,"79","","","0","7"
"Lawrie","Brett","543434","Brett Lawrie","Not 25-Man","CHA","LAA","4",0,0,0,"4","","","0","4"
"Lee","Dae-Ho","493193","Dae-Ho Lee","Not 25-Man","SEA","PHI","3",0,0,0,"3","","","0","3"
"LeMahieu","DJ","518934","DJ LeMahieu","25-Man","COL","COL","4",3,0,0,"4","","","44","4"
"Leon","Sandy","506702","Sandy Leon","25-Man","BOS","BOS","2",2,0,0,"2","","","29","2"
"Lind","Adam","452252","Adam Lind","25-Man","SEA","BAL","3",0,0,3,"3","","","0","3"
"Lindor","Francisco","596019","Francisco Lindor","25-Man","CLE","CLE","6",2,0,0,"6","","","35","6"
"Lobaton","Jose","446653","Jose Lobaton","Not 25-Man","WAS","SD","2",0,0,0,"2","","","0","2"
"Loney","James","425766","James Loney","Not 25-Man","NYN","NYN","3",0,0,0,"3","","","0","3"
"Longoria","Evan","446334","Evan Longoria","25-Man","TB","TB","5",3,0,0,"5","","","45","5"
"Lough","David","518953","David Lough","Not 25-Man","PHI","PIT","79",0,0,0,"79","","","0","7"
"Lowrie","Jed","476704","Jed Lowrie","25-Man","OAK","OAK","46",3,0,0,"4","","6","35","4"
"Lucroy","Jonathan","518960","Jonathan Lucroy","25-Man","MIL","TEX","23",1,0,0,"2","","3","27","2"
"Machado","Manny","592518","Manny Machado","25-Man","BAL","WAS","56",2,0,0,"5","","6","29","5"
"Mahtook","Mikie","543484","Mikie Mahtook","25-Man","TB","TB","978",0,0,2,"97","","8","12","9"
"Maldonado","Martin","455117","Martin Maldonado","25-Man","MIL","MIL","2",2,0,0,"2","","","35","2"
"Marisnick","Jake","545350","Jake Marisnick","25-Man","HOU","HOU","879",0,0,0,"879","","","20","8"
"Markakis","Nick","455976","Nick Markakis","25-Man","ATL","ATL","97",3,0,0,"97","","","36","9"
"Marte","Jefry","527043","Jefry Marte","25-Man","LAA","LAA","35",0,0,0,"3","","5","9","3"
"Marte","Starling","516782","Starling Marte","25-Man","PIT","MIA","879",2,0,0,"879","","","28.1","8"
"Marte","Ketel","606466","Ketel Marte","25-Man","SEA","SEA","6",0,0,0,"6","","","0","6"
"Martin","Leonys","547982","Leonys Martin","25-Man","SEA","SEA","8797",2,0,0,"8797","","","37.2","8"
"Martin","Russell","431145","Russell Martin","25-Man","TOR","TOR","25",2,0,0,"2","","5","27.2","2"
"Martinez","Michael","492841","Michael Martinez","Not 25-Man","CLE","CLE","59",0,0,0,"5","","9","3","5"
"Martinez","J.D.","502110","J.D. Martinez","Not 25-Man","DET","HOU","97",0,0,0,"97","","","0","9"
"Martinez","Victor","400121","Victor Martinez","25-Man","DET","DET","3",2,0,0,"3","","","0","3"
"Mastroianni","Darin","518991","Darin Mastroianni","Not 25-Man","MIN","MIN","987",0,0,0,"987","","","0","9"
"Mathis","Jeff","425772","Jeff Mathis","25-Man","MIA","ARI","2",3,0,0,"2","","","27","2"
"Mauer","Joe","408045","Joe Mauer","25-Man","MIN","MIN","3",2,0,0,"3","","","26","3"
"Maybin","Cameron","457727","Cameron Maybin","25-Man","DET","ARI","798",2,0,0,"79","","8","35","7"
"Mazara","Nomar","608577","Nomar Mazara","25-Man","TEX","TEX","97",2,0,0,"97","","","36","9"
"McBride","Matt","473724","Matt McBride","Not 25-Man","OAK","OAK","297",0,0,0,"297","","","0","2"
"McCann","James","543510","James McCann","25-Man","DET","MIA","2",3,0,0,"2","","","26","2"
"McCann","Brian","435263","Brian McCann","25-Man","NYA","NYA","23",1,0,0,"2","","3","27","2"
"McCutchen","Andrew","457705","Andrew McCutchen","25-Man","PIT","BAL","978",2,0,0,"97","","8","28.1","9"
"Mercer","Jordy","474568","Jordy Mercer","25-Man","PIT","PIT","6",2,0,0,"6","","","28.1","6"
"Merrifield","Whit","593160","Whit Merrifield","25-Man","KC","KC","7459",0,0,0,"7459","","","0","7"
"Mesoraco","Devin","519023","Devin Mesoraco","Not 25-Man","CIN","CIN","2",0,0,0,"2","","","0","2"
"Miller","Shelby","571946","Shelby Miller","25-Man","ARI","ARI","179",0,1,0,"1","","79","5.1","1"
"Miller","Brad","543543","Brad Miller","25-Man","TB","TB","46",3,0,0,"4","","6","45","4"
"Molina","Yadier","425877","Yadier Molina","25-Man","STL","STL","23",2,0,0,"2","","3","36","2"
"Montero","Miguel","471083","Miguel Montero","25-Man","CHN","OAK","2",0,0,1,"2","","","9","2"
"Morales","Kendrys","434778","Kendrys Morales","25-Man","KC","BOS","3",3,0,0,"3","","","0","3"
"Moran","Colin","592567","Colin Moran","25-Man","HOU","HOU","5",0,0,0,"5","","","0","5"
"Moreland","Mitch","519048","Mitch Moreland","25-Man","TEX","PIT","3",3,0,0,"3","","","29","3"
"Morrison","Logan","489149","Logan Morrison","25-Man","TB","SEA","3",1,1,1,"3","","","30","3"
"Morse","Michael","434604","Michael Morse","Not 25-Man","PIT","SD","3",0,0,0,"3","","","0","3"
"Moss","Brandon","461235","Brandon Moss","25-Man","STL","CHA","379",2,0,0,"379","","","0","3"
"Motter","Taylor","600301","Taylor Motter","Not 25-Man","TB","ATL","36",0,0,0,"3","","6","2","3"
"Moustakas","Mike","519058","Mike Moustakas","25-Man","KC","ATL","5",3,0,0,"5","","","25","5"
"Moya","Steven","570615","Steven Moya","Not 25-Man","DET","DET","79",0,0,0,"79","","","0","7"
"Muncy","Max","571970","Max Muncy","25-Man","OAK","OAK","597",0,0,0,"597","","","0","5"
"Murphy","JR","571974","JR Murphy","Not 25-Man","MIN","CIN","2",0,0,0,"2","","","0","2"
"Murphy","Daniel","502517","Daniel Murphy","25-Man","WAS","WAS","43",3,0,0,"4","","3","37","4"
"Myers","Wil","571976","Wil Myers","25-Man","SD","BAL","379",4,0,0,"3","","79","42","3"
"Napoli","Mike","435063","Mike Napoli","25-Man","CLE","OAK","3",2,0,0,"3","","","36","3"
"Naquin","Tyler","571980","Tyler Naquin","25-Man","CLE","CLE","8997",1,0,0,"8997","","","20","8"
"Nava","Daniel","537953","Daniel Nava","Not 25-Man","LAA","PIT","793",1,0,1,"79","","3","9","7"
"Navarro","Dioner","425900","Dioner Navarro","Not 25-Man","CHA","SD","2",0,0,0,"2","","","0","2"
"Nicholas","Brett","592592","Brett Nicholas","Not 25-Man","TEX","TEX","2",0,0,0,"2","","","0","2"
"Nieuwenhuis","Kirk","543590","Kirk Nieuwenhuis","25-Man","MIL","MIL","879",2,0,1,"879","","","16","8"
"Norris","Derek","519083","Derek Norris","25-Man","SD","PIT","23",3,0,0,"2","","3","36","2"
"Nunez","Eduardo","456488","Eduardo Nunez","25-Man","MIN","STL","54",3,0,0,"5","","4","41.2","5"
"O'Brien","Peter","598284","Peter O'Brien","Not 25-Man","ARI","ATL","79",0,0,0,"79","","","0","7"
"O'Malley","Shawn","502523","Shawn O'Malley","Not 25-Man","SEA","SEA","849657",0,0,0,"849657","","","0","8"
"Odor","Rougned","596059","Rougned Odor","25-Man","TEX","TEX","4",2,0,0,"4","","","36","4"
"Olivera","Hector","493343","Hector Olivera","Not 25-Man","ATL","LAN","79",0,0,0,"79","","","0","7"
"Orlando","Paulo","449181","Paulo Orlando","25-Man","KC","SD","978",2,0,0,"97","","8","33","9"
"Ortega","Rafael","542364","Rafael Ortega","Not 25-Man","LAA","CIN","789",0,0,0,"789","","","0","7"
"Ortiz","David","120074","David Ortiz","Not 25-Man","BOS","BOS","DH",0,0,0,"DH","","","0","D"
"Owings","Chris","572008","Chris Owings","25-Man","ARI","ARI","6978",2,0,0,"6","97","8","36","6"
"Ozuna","Marcell","542303","Marcell Ozuna","25-Man","MIA","ATL","798",3,0,0,"79","","8","35","7"
"Pacheco","Jordan","457574","Jordan Pacheco","Not 25-Man","CIN","TB","453",0,0,0,"453","","","0","4"
"Pagan","Angel","434636","Angel Pagan","25-Man","SF","ATL","79",0,0,0,"79","","","0","7"
"Panik","Joe","605412","Joe Panik","25-Man","SF","NYA","4",2,1,0,"4","","","36.1","4"
"Paredes","Jimmy","517370","Jimmy Paredes","Not 25-Man","PHI","ATL","97549",0,0,0,"97549","","","0","9"
"Park","Byung-ho","666560","Byung-ho Park","25-Man","MIN","STL","3",0,0,0,"3","","","0","3"
"Parker","Jarrett","592620","Jarrett Parker","25-Man","SF","NYA","79",2,2,0,"79","","","22.2","7"
"Parmelee","Chris","476633","Chris Parmelee","Not 25-Man","NYA","NYA","3",0,0,0,"3","","","0","3"
"Parra","Gerardo","467827","Gerardo Parra","25-Man","COL","STL","798",3,0,1,"79","","8","38","7"
"Paulsen","Ben","572019","Ben Paulsen","25-Man","COL","COL","379",0,0,0,"379","","","0","3"
"Pearce","Steve","456665","Steve Pearce","25-Man","TB","TEX","3795",3,0,0,"379","","5","24.2","7"
"Pederson","Joc","592626","Joc Pederson","25-Man","LAN","LAN","8797",2,0,0,"8797","","","32","8"
"Pedroia","Dustin","456030","Dustin Pedroia","25-Man","BOS","BOS","4",2,0,0,"4","","","29","4"
"Pena","Francisco","506747","Francisco Pena","Not 25-Man","BAL","BAL","2",0,0,0,"2","","","0","2"
"Pence","Hunter","452254","Hunter Pence","25-Man","SF","SF","97",2,0,1,"97","","","33.2","9"
"Pennington","Cliff","460060","Cliff Pennington","25-Man","LAA","LAA","43",0,0,0,"4","","3","8","4"
"Peralta","David","444482","David Peralta","25-Man","ARI","ARI","978",2,0,0,"97","","8","36","9"
"Peralta","Jhonny","425509","Jhonny Peralta","25-Man","STL","MIN","5",2,0,0,"5","","","25.1","5"
"Peraza","Jose","606299","Jose Peraza","25-Man","CIN","CIN","4879",3,0,0,"4","","879","32","4"
"Perez","Roberto","547379","Roberto Perez","25-Man","CLE","CLE","2",0,0,0,"2","","","6","2"
"Perez","Salvador","521692","Salvador Perez","25-Man","KC","KC","23",3,0,0,"2","","3","33","2"
"Perez","Carlos","542208","Carlos Perez","25-Man","LAA","MIN","2",1,0,0,"2","","","8","2"
"Perez","Hernan","541650","Hernan Perez","25-Man","MIL","MIL","473965",2,0,1,"4739","6","5","31.3","8"
"Peterson","Jace","607054","Jace Peterson","25-Man","ATL","ATL","54",0,0,1,"5","","4","3.2","5"
"Petit","Gregorio","463610","Gregorio Petit","Not 25-Man","LAA","TEX","645",0,0,0,"645","","","0","6"
"Pham","Tommy","502054","Tommy Pham","Not 25-Man","STL","STL","79",0,0,0,"79","","","0","7"
"Phegley","Josh","572033","Josh Phegley","25-Man","OAK","OAK","2",1,0,0,"2","","","9","2"
"Phillips","Brandon","408252","Brandon Phillips","25-Man","CIN","SF","4",2,0,0,"4","","","36","4"
"Pierzynski","A.J.","150229","A.J. Pierzynski","Not 25-Man","ATL","TB","2",0,0,0,"2","","","0","2"
"Pillar","Kevin","607680","Kevin Pillar","25-Man","TOR","TOR","8797",3,0,0,"8797","","","35.2","8"
"Pirela","Jose","517369","Jose Pirela","Not 25-Man","SD","NYA","497",0,0,0,"497","","","0","4"
"Piscotty","Stephen","572039","Stephen Piscotty","25-Man","STL","STL","978",1,1,0,"97","","8","26.2","9"
"Plawecki","Kevin","608700","Kevin Plawecki","Not 25-Man","NYN","NYN","2",0,0,0,"2","","","0","2"
"Plouffe","Trevor","461858","Trevor Plouffe","25-Man","MIN","CHA","5",4,0,0,"5","","","35","5"
"Polanco","Jorge","593871","Jorge Polanco","25-Man","MIN","MIN","65",2,0,0,"6","","5","27","6"
"Polanco","Gregory","570256","Gregory Polanco","25-Man","PIT","SD","79",1,0,0,"79","","","20.1","7"
"Posey","Buster","457763","Buster Posey","25-Man","SF","SF","23",2,0,0,"2","","3","33.2","2"
"Prado","Martin","445988","Martin Prado","Not 25-Man","MIA","CHN","5",0,0,0,"5","","","0","5"
"Presley","Alex","502100","Alex Presley","Not 25-Man","MIL","MIL","897",0,0,0,"897","","","0","8"
"Profar","Jurickson","595777","Jurickson Profar","25-Man","TEX","NYA","794",1,0,1,"79","","4","18","7"
"Puig","Yasiel","624577","Yasiel Puig","25-Man","LAN","NYA","97",3,0,0,"97","","","44","9"
"Pujols","Albert","405395","Albert Pujols","25-Man","LAA","LAA","3",3,0,0,"3","","","0","3"
"Raburn","Ryan","430605","Ryan Raburn","Not 25-Man","COL","CHA","79",0,0,0,"79","","","0","7"
"Ramirez","Hanley","434670","Hanley Ramirez","25-Man","BOS","BOS","3",1,0,0,"3","","","0","3"
"Ramirez","Jose","608070","Jose Ramirez","25-Man","CLE","CLE","479",2,0,0,"4","","79","35","4"
"Ramirez","Alexei","493351","Alexei Ramirez","Not 25-Man","SD","TB","6",0,0,0,"6","","","0","6"
"Ramos","Wilson","467092","Wilson Ramos","Not 25-Man","WAS","SD","2",0,0,0,"2","","","0","2"
"Rasmus","Colby","458675","Colby Rasmus","Not 25-Man","HOU","TB","798",0,0,0,"798","","","0","7"
"Realmuto","J.T.","592663","J.T. Realmuto","25-Man","MIA","HOU","2",1,0,0,"2","","","26","2"
"Reddick","Josh","502210","Josh Reddick","25-Man","OAK","STL","97",3,0,0,"97","","","40","9"
"Refsnyder","Rob","608701","Rob Refsnyder","Not 25-Man","NYA","BOS","9437",0,0,0,"9437","","","0","9"
"Reimold","Nolan","460099","Nolan Reimold","Not 25-Man","BAL","MIA","79",0,0,0,"79","","","0","7"
"Rendon","Anthony","543685","Anthony Rendon","25-Man","WAS","WAS","5",3,0,0,"5","","","28","5"
"Revere","Ben","519184","Ben Revere","25-Man","WAS","SD","798",1,0,1,"79","","8","8","7"
"Reynolds","Mark","448602","Mark Reynolds","25-Man","COL","LAN","3",5,0,0,"3","","","44","3"
"Reynolds","Matt","608703","Matt Reynolds","25-Man","NYN","NYN","564",0,0,0,"564","","","0","5"
"Rickard","Joey","572073","Joey Rickard","25-Man","BAL","BAL","798",1,0,2,"79","","8","16","7"
"Rivera","Yadiel","592680","Yadiel Rivera","25-Man","MIL","MIL","546",0,0,0,"546","","","0","5"
"Rivera","Rene","425784","Rene Rivera","25-Man","NYN","LAA","2",2,0,0,"2","","","16","2"
"Rizzo","Anthony","519203","Anthony Rizzo","25-Man","CHN","CHN","379",2,0,0,"3","","79","36.3","3"
"Robinson","Shane","453203","Shane Robinson","Not 25-Man","LAA","LAA","789",0,0,0,"789","","","0","7"
"Robinson","Clint","519208","Clint Robinson","Not 25-Man","WAS","WAS","379",0,0,0,"379","","","0","3"
"Rodriguez","Alex","121347","Alex Rodriguez","Not 25-Man","NYA","NYA","DH",0,0,0,"DH","","","0","D"
"Rodriguez","Sean","446481","Sean Rodriguez","Not 25-Man","PIT","NYN","57694383",0,0,0,"57694383","","","0","5"
"Rodriguez","Josh","446044","Josh Rodriguez","Not 25-Man","OAK","BAL","5",0,0,0,"5","","","0","5"
"Rogers","Jason","595386","Jason Rogers","Not 25-Man","PIT","PIT","35",0,0,0,"35","","","0","3"
"Rojas","Miguel","500743","Miguel Rojas","25-Man","MIA","MIA","53",1,0,2,"5","","3","9","5"
"Rollins","Jimmy","276519","Jimmy Rollins","Not 25-Man","CHA","FA","6",0,0,0,"6","","","0","6"
"Romero","Stefen","552662","Stefen Romero","Not 25-Man","SEA","SEA","79",0,0,0,"79","","","0","7"
"Romine","Andrew","461865","Andrew Romine","25-Man","DET","DET","35",0,0,1,"3","","5","2","3"
"Romine","Austin","519222","Austin Romine","25-Man","NYA","TB","23",0,0,0,"23","","","0","2"
"Rosales","Adam","489267","Adam Rosales","25-Man","SD","SD","45",1,0,0,"4","","5","9","4"
"Rosario","Eddie","592696","Eddie Rosario","25-Man","MIN","SEA","798",2,0,0,"79","","8","27","7"
"Ross","David","424325","David Ross","Not 25-Man","cron","CHN","2",0,0,0,"2","","","0","2"
"Rua","Ryan","607387","Ryan Rua","25-Man","TEX","TEX","793",1,0,0,"79","","3","11","7"
"Ruf","Darin","573131","Darin Ruf","25-Man","PHI","PHI","379",0,0,0,"379","","","0","3"
"Ruggiano","Justin","448605","Justin Ruggiano","Not 25-Man","TEX","NYA","79",0,0,0,"79","","","0","7"
"Ruiz","Carlos","434563","Carlos Ruiz","25-Man","PHI","PIT","2",1,0,0,"2","","","8","2"
"Rupp","Cameron","519237","Cameron Rupp","25-Man","PHI","PHI","2",3,0,0,"2","","","26","2"
"Russell","Addison","608365","Addison Russell","25-Man","CHN","CHN","6",2,0,0,"6","","","36.3","6"
"Rutledge","Josh","592710","Josh Rutledge","Not 25-Man","BOS","BOS","564",0,0,0,"564","","","0","5"
"Ryan","Brendan","453895","Brendan Ryan","Not 25-Man","LAA","BAL","679",0,0,0,"679","","","0","6"
"Saladino","Tyler","573135","Tyler Saladino","25-Man","CHA","CHA","43",2,0,0,"4","","3","27","4"
"Saltalamacchia","Jarrod","457454","Jarrod Saltalamacchia","25-Man","DET","CHA","23",1,0,0,"2","","3","8","2"
"Sanchez","Carlos","570560","Carlos Sanchez","25-Man","CHA","CHA","564",0,0,0,"564","","","0","5"
"Sanchez","Hector","516949","Hector Sanchez","Not 25-Man","CHA","CHA","2",1,0,2,"2","","","6.1","2"
"Sandoval","Pablo","467055","Pablo Sandoval","25-Man","BOS","BOS","5",2,0,0,"5","","","29","5"
"Sands","Jerry","543742","Jerry Sands","Not 25-Man","CHA","CHA","739",0,0,0,"739","","","0","7"
"Sano","Miguel","593934","Miguel Sano","25-Man","MIN","MIN","539",3,0,0,"5","3","9","36","5"
"Santana","Carlos","467793","Carlos Santana","25-Man","CLE","CLE","397",2,0,0,"397","","","17","3"
"Santana","Domingo","570267","Domingo Santana","25-Man","MIL","MIL","97",2,0,0,"97","","","38","9"
"Santana","Danny","542454","Danny Santana","25-Man","MIN","MIN","79",1,0,0,"79","","","9","7"
"Sardinas","Luis","596143","Luis Sardinas","25-Man","SEA","SEA","43",0,0,2,"4","","3","1","4"
"Saunders","Michael","459431","Michael Saunders","25-Man","TOR","PIT","97",1,1,1,"97","","","21","9"
"Schebler","Scott","594988","Scott Schebler","25-Man","CIN","CIN","97",3,0,0,"97","","","36","9"
"Schoop","Jonathan","570731","Jonathan Schoop","25-Man","BAL","BAL","4",2,0,0,"4","","","29","4"
"Schwarber","Kyle","656941","Kyle Schwarber","25-Man","CHN","WAS","793",3,0,0,"79","","3","33.3","7"
"Seager","Corey","608369","Corey Seager","25-Man","LAN","LAN","6",2,1,0,"6","","","36","6"
"Seager","Kyle","572122","Kyle Seager","25-Man","SEA","TEX","5",3,0,0,"5","","","45.2","5"
"Segura","Jean","516416","Jean Segura","25-Man","ARI","CHN","64",3,0,0,"6","","4","45.2","6"
"Selsky","Steve","592731","Steve Selsky","25-Man","CIN","CIN","8797",0,1,0,"8797","","","0","8"
"Semien","Marcus","543760","Marcus Semien","25-Man","OAK","SD","6",3,0,0,"6","","","44","6"
"Severino","Pedro","600474","Pedro Severino","Not 25-Man","WAS","NYA","2",0,0,0,"2","","","0","2"
"Shaw","Travis","543768","Travis Shaw","25-Man","BOS","KC","53",4,0,0,"5","","3","46.3","5"
"Shuck","J.B.","543776","J.B. Shuck","Not 25-Man","CHA","NYA","798",0,0,0,"798","","","0","7"
"Simmons","Andrelton","592743","Andrelton Simmons","25-Man","LAA","LAA","6",3,0,0,"6","","","43","6"
"Smith","Mallex","605480","Mallex Smith","Not 25-Man","ATL","PIT","798",3,0,0,"79","","8","27","7"
"Smith","Seth","452234","Seth Smith","25-Man","SEA","NYN","97",1,0,0,"97","","","18","9"
"Smoak","Justin","475253","Justin Smoak","25-Man","TOR","TB","3",3,0,1,"3","","","24.2","3"
"Smolinski","Jake","519295","Jake Smolinski","Not 25-Man","OAK","MIN","97",0,0,0,"97","","","0","9"
"Snyder","Brandon","474319","Brandon Snyder","Not 25-Man","ATL","ATL","3",0,0,0,"3","","","0","3"
"Solarte","Yangervis","500208","Yangervis Solarte","25-Man","SD","SD","45",3,0,0,"4","","5","41","4"
"Soler","Jorge","624585","Jorge Soler","Not 25-Man","CHN","TB","79",0,0,0,"79","","","0","7"
"Soto","Geovany","434567","Geovany Soto","25-Man","LAA","NYN","25",2,0,0,"2","","5","18","2"
"Souza Jr.","Steven","519306","Steven Souza Jr.","25-Man","TB","SF","978",5,0,0,"97","","8","45","9"
"Span","Denard","452655","Denard Span","25-Man","SF","SF","8797",0,0,1,"8797","","","8.2","8"
"Spangenberg","Cory","605486","Cory Spangenberg","25-Man","SD","MIN","4",0,0,0,"4","","","0","4"
"Springer","George","543807","George Springer","25-Man","HOU","HOU","8997",3,0,0,"8997","","","49","8"
"Stanton","Giancarlo","519317","Giancarlo Stanton","25-Man","MIA","MIA","97",3,0,0,"97","","","35","9"
"Stassi","Max","545358","Max Stassi","Not 25-Man","HOU","LAA","2",0,0,0,"2","","","0","2"
"Stewart","Chris","455755","Chris Stewart","25-Man","PIT","STL","2",0,0,0,"2","","","0","2"
"Story","Trevor","596115","Trevor Story","25-Man","COL","COL","6",3,0,0,"6","","","44","6"
"Stubbs","Drew","453211","Drew Stubbs","Not 25-Man","ATL","TEX","87897",0,0,0,"87897","","","0","8"
"Suarez","Eugenio","553993","Eugenio Suarez","25-Man","CIN","CIN","56",2,0,1,"5","","6","28","5"
"Suzuki","Ichiro","400085","Ichiro Suzuki","25-Man","MIA","NYN","987",0,0,1,"987","","","0","9"
"Suzuki","Kurt","435559","Kurt Suzuki","25-Man","MIN","WAS","2",2,0,0,"2","","","19","2"
"Swihart","Blake","596119","Blake Swihart","25-Man","BOS","MIL","279",0,0,0,"279","","","0","2"
"Szczur","Matt","519333","Matt Szczur","25-Man","CHN","CHN","789",0,0,1,"789","","","0","7"
"Taylor","Chris","621035","Chris Taylor","25-Man","SEA","SEA","6",0,0,0,"6","","","0","6"
"Taylor","Michael","572191","Michael Taylor","25-Man","WAS","NYA","8797",0,0,0,"8797","","","0","8"
"Teixeira","Mark","407893","Mark Teixeira","Not 25-Man","NYA","NYA","3",0,0,0,"3","","","0","3"
"Tejada","Ruben","514913","Ruben Tejada","Not 25-Man","STL","STL","654",0,0,0,"654","","","0","6"
"Thole","Josh","489365","Josh Thole","25-Man","TOR","TOR","2",0,0,0,"2","","","0","2"
"Thompson","Trayce","572204","Trayce Thompson","Not 25-Man","LAN","SD","798",0,0,0,"798","","","0","7"
"Tomas","Yasmany","630111","Yasmany Tomas","25-Man","ARI","NYN","79",3,0,0,"79","","","34","7"
"Tomlinson","Kelby","605509","Kelby Tomlinson","Not 25-Man","SF","SF","46579",0,0,0,"46579","","","0","4"
"Torreyes","Ronald","591720","Ronald Torreyes","25-Man","NYA","CHN","65",0,2,0,"6","","5","28","6"
"Travis","Devon","581527","Devon Travis","25-Man","TOR","TOR","4",2,0,0,"4","","","26.2","4"
"Trout","Mike","545361","Mike Trout","25-Man","LAA","LAA","8797",3,0,0,"8797","","","43","8"
"Trumbo","Mark","444432","Mark Trumbo","25-Man","BAL","BAL","973",2,0,0,"973","","","0","9"
"Tucker","Preston","605512","Preston Tucker","Not 25-Man","HOU","HOU","79",0,0,0,"79","","","0","7"
"Tulowitzki","Troy","453064","Troy Tulowitzki","25-Man","TOR","TOR","6",3,0,0,"6","","","35.2","6"
"Turner","Justin","457759","Justin Turner","25-Man","LAN","BAL","5",3,0,0,"5","","","35","5"
"Turner","Trea","607208","Trea Turner","25-Man","WAS","WAS","64",3,0,0,"6","","4","37","6"
"Upton","Justin","457708","Justin Upton","25-Man","DET","DET","798",2,0,0,"79","","8","21","7"
"Upton Jr.","Melvin","425834","Melvin Upton Jr.","Not 25-Man","SD","SEA","789",0,0,0,"789","","","0","7"
"Uribe","Juan","346874","Juan Uribe","Not 25-Man","CLE","NYA","5",0,0,0,"5","","","0","5"
"Utley","Chase","400284","Chase Utley","Not 25-Man","LAN","TEX","45",1,0,3,"4","","5","9","4"
"Valbuena","Luis","472528","Luis Valbuena","Not 25-Man","HOU","HOU","534",0,0,0,"534","","","0","5"
"Valencia","Danny","502143","Danny Valencia","25-Man","OAK","OAK","35",3,0,0,"3","","5","43.2","3"
"Van Slyke","Scott","475100","Scott Van Slyke","Not 25-Man","LAN","LAN","379",1,0,4,"379","","","13","3"
"Vazquez","Christian","543877","Christian Vazquez","25-Man","BOS","BOS","2",0,0,0,"2","","","0","2"
"Villar","Jonathan","542340","Jonathan Villar","25-Man","MIL","MIL","46",3,0,0,"4","","6","47","4"
"Vogt","Stephen","519390","Stephen Vogt","25-Man","OAK","CHN","2",2,0,0,"2","","","35","2"
"Votto","Joey","458015","Joey Votto","25-Man","CIN","CIN","3",3,0,0,"3","","","36","3"
"Waldrop","Kyle","592835","Kyle Waldrop","Not 25-Man","CIN","SF","79",0,0,0,"79","","","0","7"
"Walker","Neil","435522","Neil Walker","25-Man","NYN","NYN","4",3,0,0,"4","","","39","4"
"Wallace","Brett","477165","Brett Wallace","Not 25-Man","SD","BAL","35",0,0,0,"35","","","0","3"
"Walsh","Colin","595023","Colin Walsh","Not 25-Man","MIL","MIL","7549",0,0,0,"7549","","","0","7"
"Weeks Jr.","Rickie","430001","Rickie Weeks Jr.","Not 25-Man","ARI","BAL","379",2,0,1,"3","","79","15","3"
"Weeks","Jemile","457789","Jemile Weeks","Not 25-Man","SD","BAL","45",0,0,0,"45","","","0","4"
"Werth","Jayson","150029","Jayson Werth","25-Man","WAS","COL","79",2,0,0,"79","","","37","7"
"White","Tyler","643603","Tyler White","Not 25-Man","HOU","HOU","3",0,0,0,"3","","","0","3"
"Wieters","Matt","446308","Matt Wieters","25-Man","BAL","BAL","2",3,0,0,"2","","","37","2"
"Williamson","Mac","607776","Mac Williamson","Not 25-Man","SF","CIN","79",0,0,0,"79","","","0","7"
"Wilson","Bobby","435064","Bobby Wilson","Not 25-Man","DET","TEX","22",0,0,0,"22","","","0","2"
"Wolters","Tony","547172","Tony Wolters","25-Man","COL","MIA","24",3,0,0,"2","","4","24","2"
"Wong","Kolten","543939","Kolten Wong","25-Man","STL","TB","4",2,0,0,"4","","","30","4"
"Wright","David","431151","David Wright","Not 25-Man","NYN","NYN","5",0,0,0,"5","","","0","5"
"Yelich","Christian","592885","Christian Yelich","25-Man","MIA","MIA","879",3,0,0,"879","","","35","8"
"Young","Chris","455759","Chris Young","Not 25-Man","BOS","KC","97",2,0,0,"97","","","20","9"
"Zimmerman","Ryan","475582","Ryan Zimmerman","25-Man","WAS","COL","3",2,0,0,"3","","","37","3"
"Zobrist","Ben","450314","Ben Zobrist","25-Man","CHN","CHN","947",1,0,1,"947","","","28.3","9"
"Contreras","Willson","575929","Willson Contreras","25-Man","CHN","COL","279",1,0,0,"2","","79","27.3","2"
"Gosewisch","Tufy","488912","Tuffy Gosewisch","25-Man","ARI","KC","2",0,0,0,"2","","","0","2"
"Freeman","Mike","502273","Mike Freeman","Not 25-Man","ARI","CHN","6",0,0,0,"6","","","0","6"
"Anna","Dean","542883","Dean Anna","Not 25-Man","STL","STL","6",0,0,0,"6","","","0","6"
"Kazmar","Sean","453527","Sean Kazmar","Not 25-Man","ATL","ATL","6345",0,0,0,"6345","","","0","6"
"Tuiasosopo","Matt","449168","Matt Tuiasosopo","Not 25-Man","ATL","ATL","97",0,0,0,"97","","","0","9"
"Alvarez","Dariel","645848","Dariel Alvarez","Not 25-Man","MIA","MIA","97",0,0,0,"97","","","0","9"
"Gurriel","Yulieski","493329","Yulieski Gurriel","25-Man","HOU","HOU","35",1,1,0,"3","","5","38","3"
"Worth","Danny","519445","Danny Worth","Not 25-Man","HOU","HOU","4",0,0,0,"4","","","0","4"
"Hernandez","Oscar","591712","Oscar Hernandez","Not 25-Man","ARI","ARI","2",0,0,0,"2","","","0","2"
"Schimpf","Ryan","572114","Ryan Schimpf","25-Man","SD","ATL","54",4,0,0,"5","","4","42","5"
"Telis","Tomas","542513","Tomas Telis","25-Man","MIA","ATL","2",0,0,0,"2","","","0","2"
"Alfaro","Jhoardo","595751","Jhoardo Alfaro","Not 25-Man","CHA","PHI","2",0,0,0,"2","","","0","2"
"Altherr","Aaron","571437","Aaron Altherr","25-Man","PHI","PHI","97",1,0,0,"97","","","13","9"
"Walters","Zach","595025","Zach Walters","Not 25-Man","MIA","NYA","79",0,0,0,"79","","","0","7"
"Reed","A.J.","607223","A.J. Reed","Not 25-Man","HOU","CHA","3",0,0,0,"3","","","0","3"
"Reyes","Jose","408314","Jose Reyes","25-Man","NYN","COL","56",2,0,0,"5","","6","38.3","5"
"Almonte","Abraham","501659","Abraham Almonte","25-Man","CLE","CLE","97",2,0,1,"97","","","20","9"
"Brentz","Bryce","518490","Bryce Brentz","Not 25-Man","BOS","BOS","79",0,0,0,"79","","","0","7"
"Green","Grant","502205","Grant Green","Not 25-Man","SF","SF","4",0,0,0,"4","","","0","4"
"Kelly","Don","430603","Don Kelly","Not 25-Man","MIA","MIA","3",0,0,0,"3","","","0","3"
"Lake","Junior","516809","Junior Lake","Not 25-Man","TOR","TOR","97",0,0,0,"97","","","0","9"
"Nimmo","Brandon","607043","Brandon Nimmo","Not 25-Man","NYN","NYN","79",0,0,0,"79","","","0","7"
"Pena","Ramiro","455369","Ramiro Pena","Not 25-Man","SF","SF","54",0,0,0,"54","","","0","5"
"Robertson","Daniel","543706","Daniel Robertson","Not 25-Man","SEA","TB","779",0,0,0,"779","","","0","7"
"Sucre","Jesus","491696","Jesus Sucre","25-Man","SEA","SEA","2",0,0,0,"2","","","9","2"
"Toles","Andrew","592808","Andrew Toles","Not 25-Man","LAN","MIA","798",3,0,1,"79","","8","25","7"
"Vargas","Kennys","573627","Kennys Vargas","25-Man","MIN","KC","3",0,0,0,"3","","","0","3"
"Middlebrooks","Will","519025","Will Middlebrooks","Not 25-Man","MIL","CIN","5",0,0,0,"5","","","0","5"
"Rosario","Alberto","451705","Alberto Rosario","Not 25-Man","STL","STL","2",0,0,0,"2","","","0","2"
"Bird","Gregory","595885","Gregory Bird","25-Man","NYA","NYA","3",2,0,0,"3","","","33","3"
"Hernandez","Gorkys","491676","Gorkys Hernandez","Not 25-Man","SF","SF","879",4,1,0,"879","","","36.2","8"
"Judge","Aaron","592450","Aaron Judge","25-Man","NYA","NYA","97",2,0,0,"97","","","33","9"
"Kozma","Pete","518902","Pete Kozma","Not 25-Man","NYA","NYA","6",0,0,1,"6","","","5","6"
"Pollock","A.J.","572041","A.J. Pollock","25-Man","ARI","ARI","8797",3,0,0,"8797","","","45","8"
"Sanchez","Gary","596142","Gary Sanchez","25-Man","NYA","MIA","2",3,0,0,"2","","","33","2"
"Aguilar","Jesus","542583","Jesus Aguilar","25-Man","MIL","CLE","3",2,1,2,"3","","","24.1","3"
"Arcia","Orlando","606115","Orlando Arcia","25-Man","MIL","MIL","6",2,0,0,"6","","","38","6"
"Bregman","Alex","608324","Alex Bregman","Not 25-Man","HOU","CHA","5",4,0,0,"5","","","40","5"
"Diaz","Yandy","650490","Yandy Diaz","Not 25-Man","CLE","CLE","5",4,0,0,"5","","","32","5"
"Gallo","Joey","608336","Joey Gallo","25-Man","TEX","SEA","5",2,0,0,"5","","","36","5"
"Haniger","Mitch","571745","Mitch Haniger","25-Man","SEA","ARI","97",5,0,0,"97","","","45.2","9"
"Hedges","Austin","595978","Austin Hedges","25-Man","SD","CIN","2",3,0,0,"2","","","32","2"
"Jones","JaCoby","592444","JaCoby Jones","Not 25-Man","DET","MIA","8797",3,0,0,"8797","","","26","8"
"Margot","Manuel","622534","Manuel Margot","Not 25-Man","SD","KC","8797",5,0,0,"8797","","","42","8"
"Marrero","Chris","502029","Chris Marrero","Not 25-Man","SF","BAL","79",2,1,1,"79","","","11.2","7"
"May","Jacob","594576","Jacob May","Not 25-Man","CHA","PIT","8797",2,0,1,"8797","","","20","8"
"Narvaez","Omar","553882","Omar Narvaez","25-Man","CHA","CHA","2",0,0,0,"2","","","9","2"
"Pina","Manny","444489","Manny Pina","Not 25-Man","MIL","MIL","2",2,1,1,"2","","","23","2"
"Renfroe","Hunter","592669","Hunter Renfroe","25-Man","SD","SD","97",3,0,0,"97","","","42","9"
"Robertson","Daniel","621002","Daniel Robertson","25-Man","TB","TB","6",1,1,0,"6","","","1","6"
"Zunino","Mike","572287","Mike Zunino","25-Man","SEA","BAL","2",4,0,0,"2","","","37.2","2"
"Bell","Josh","605137","Josh Bell","25-Man","PIT","PIT","3",2,0,0,"3","","","21","3"
"Benintendi","Andrew","643217","Andrew Benintendi","25-Man","BOS","BOS","79",2,0,0,"79","","","29","7"
"Healy","Ryon","592387","Ryon Healy","25-Man","OAK","OAK","53",3,0,0,"53","","","15","5"
"Mancini","Trey","641820","Trey Mancini","Not 25-Man","BAL","CHA","97",1,0,1,"97","","","7","9"
"Mondesi","Raul","609275","Raul Mondesi","25-Man","KC","KC","4",3,0,0,"4","","","33","4"
"Recker","Anthony","489232","Anthony Recker","25-Man","ATL","CLE","2",0,0,1,"2","","","1","2"
"Swanson","Dansby","621020","Dansby Swanson","25-Man","ATL","ATL","6",3,0,0,"6","","","36","6"
"Thames","Eric","519346","Eric Thames","25-Man","MIL","CHA","379",2,0,1,"379","","","27","3"
"Garcia","Leury","544725","Leury Garcia","25-Man","CHA","CHA","879",1,0,1,"879","","","9","8"
"Knapp","Andrew","595284","Andrew Knapp","25-Man","PHI","PHI","2",1,0,0,"2","","","8","2"
"Machado","Dixon","553988","Dixon Machado","25-Man","DET","MIA","4",0,0,1,"4","","","2","4"
"Stassi","Brock","595426","Brock Stassi","Not 25-Man","PHI","PHI","3",1,0,2,"3","","","5","3"
"Torrens","Luis","620443","Luis Torrens","Not 25-Man","SD","NYN","2",0,0,2,"2","","","3.2","2"
"Turner","Stuart","642156","Stuart Turner","25-Man","CIN","DET","2",0,0,0,"2","","","9","2"
"Cardullo","Stephen","506924","Stephen Cardullo","25-Man","COL","COL","79",1,0,3,"79","","","6","7"
"Heredia","Guillermo","628338","Guillermo Heredia","25-Man","SEA","SEA","79",1,0,0,"79","","","8","7"
