LastName,FirstName,MLBId,PlayerName,PlayerId,Team,TeamNbr,Pos,G,GS,INN,BallsInZone,MissedBallsInZone,OutsOutOfZone,CBlockingRuns,CFramingRuns,Cera
Feliz,Neftali,491703,"Feliz Neftali",18,MIL,1,1,3,0,1.200000,,,,,,
Cedeno,Xavier,458584,"Cedeno Xavier",36,TB,1,1,3,0,0.200000,0,0,0,,,
Colon,Bartolo,112526,"Colon Bartolo",375,ATL,1,1,1,1,6.000000,0,0,0,,,
Sabathia,Carsten,282332,"Sabathia CC",404,NYA,1,1,2,2,11.000000,0,0,3,,,
Rodney,Fernando,407845,"Rodney Fernando",494,ARI,1,1,3,0,3.000000,0,0,0,,,
Grilli,Jason,276351,"Grilli Jason",521,TOR,1,1,3,0,2.200000,0,0,0,,,
Beltran,Carlos,136860,"Beltran Carlos",589,HOU,1,7,1,1,7.000000,0,0,0,,,
Frazier,Todd,453943,"Frazier Todd",785,CHA,1,5,5,5,45.000000,16,3,0,,,
Phillips,Brandon,408252,"Phillips Brandon",791,ATL,1,4,6,6,53.000000,11,4,2,,,
Arroyo,Bronson,276520,"Arroyo Bronson",978,CIN,1,1,1,1,4.000000,0,0,0,,,
Suzuki,Ichiro,400085,"Suzuki Ichiro",1101,MIA,1,9,1,0,1.000000,0,0,1,,,
Estrada,Marco,462136,"Estrada Marco",1118,TOR,1,1,2,2,11.000000,0,0,2,,,
Hunter,Raymond Thomas,488984,"Hunter Tommy",1157,TB,1,1,4,0,3.200000,0,0,0,,,
Romine,Andrew James,461865,"Romine Andrew",1159,DET,1,3,1,0,2.000000,,,,,,
Romine,Andrew James,461865,"Romine Andrew",1159,DET,1,8,1,1,9.000000,1,1,2,,,
Dickey,R.A.,285079,"Dickey R.A.",1245,ATL,1,1,1,1,5.200000,0,0,1,,,
Bush,Matt,456713,"Bush Matt",1246,TEX,1,1,3,0,3.200000,0,0,0,,,
Ottavino,Adam,493603,"Ottavino Adam",1247,COL,1,1,4,0,3.200000,0,0,1,,,
Werth,Jayson,150029,"Werth Jayson",1327,WAS,1,7,6,6,50.200000,10,0,3,,,
Wood,Blake,502028,"Wood Blake",1345,CIN,1,1,3,0,4.000000,0,0,0,,,
Bailey,Andrew,457732,"Bailey Andrew",1368,LAA,1,1,3,0,3.000000,,,,,,
Benoit,Joaquin,276542,"Benoit Joaquin",1437,PHI,1,1,3,0,3.000000,0,0,0,,,
Lackey,John,407793,"Lackey John",1507,CHN,1,1,1,1,6.000000,0,0,0,,,
Perez,Oliver,424144,"Perez Oliver",1514,WAS,1,1,2,0,2.100000,0,0,0,,,
Doolittle,Sean,448281,"Doolittle Sean",1581,OAK,1,1,2,0,1.200000,0,0,0,,,
Rodriguez,Francisco,408061,"Rodriguez Francisco",1642,DET,1,1,2,0,2.100000,0,0,0,,,
Utley,Chase,400284,"Utley Chase",1679,LAN,1,4,2,2,17.000000,3,0,1,,,
Reyes,Jose,408314,"Reyes Jose",1736,NYN,1,5,6,5,50.200000,11,3,1,,,
Reyes,Jose,408314,"Reyes Jose",1736,NYN,1,6,1,0,0.100000,,,,,,
Peralta,Jhonny,425509,"Peralta Jhonny",1738,STL,1,5,4,4,34.100000,6,2,4,,,
Cabrera,Miguel,408234,"Cabrera Miguel",1744,DET,1,3,5,5,42.000000,8,2,1,,,
Belisle,Matt,279571,"Belisle Matt",1837,MIN,1,1,4,0,3.100000,0,0,0,,,
Weeks Jr.,Rickie,430001,"Weeks Jr. Rickie",1849,TB,1,3,2,2,15.000000,2,0,0,,,
Madson,Ryan,425492,"Madson Ryan",1852,OAK,1,1,3,0,2.100000,0,0,0,,,
Mauer,Joe,408045,"Mauer Joe",1857,MIN,1,3,5,5,43.000000,7,0,1,,,
Bautista,Jose,430832,"Bautista Jose",1887,TOR,1,9,6,6,54.100000,10,1,4,,,
Moore,Matthew Cody,519043,"Moore Matt",1890,SF,1,1,1,1,5.100000,0,0,2,,,
Blanco,Andres,433217,"Blanco Andres",1907,PHI,1,6,1,0,3.000000,1,1,0,,,
Gonzalez,Adrian,408236,"Gonzalez Adrian",1908,LAN,1,3,7,6,53.000000,7,2,0,,,
Greinke,Zack,425844,"Greinke Zack",1943,ARI,1,1,2,2,11.200000,0,0,0,,,
Nova,Ivan,467100,"Nova Ivan",1994,PIT,1,1,1,1,6.000000,0,0,0,,,
Kershaw,Clayton,477132,"Kershaw Clayton",2036,LAN,1,1,2,2,13.000000,0,0,1,,,
de la Rosa,Jorge,407822,"de la Rosa Jorge",2047,ARI,1,1,4,0,3.000000,0,0,0,,,
Guthrie,Jeremy,425386,"Guthrie Jeremy",2072,WAS,1,1,1,1,0.200000,0,0,0,,,
Peralta,Senger David,444482,"Peralta David",2136,ARI,1,9,6,6,53.000000,11,0,3,,,
Encarnacion,Edwin,429665,"Encarnacion Edwin",2151,CLE,1,3,5,5,42.000000,14,5,0,,,
Wainwright,Adam,425794,"Wainwright Adam",2233,STL,1,1,1,1,5.000000,0,0,0,,,
Rondon,Hector,444468,"Rondon Hector",2391,CHN,1,1,3,0,2.200000,,,,,,
Santana,Carlos,467793,"Santana Carlos",2396,CLE,1,3,1,1,9.000000,0,0,0,,,
Santana,Carlos,467793,"Santana Carlos",2396,CLE,1,9,3,3,24.000000,6,3,0,,,
Kluber,Corey,446372,"Kluber Corey",2429,CLE,1,1,2,2,12.000000,0,0,0,,,
Barney,Darwin,446381,"Barney Darwin",2430,TOR,1,4,1,1,9.000000,5,2,0,,,
Barney,Darwin,446381,"Barney Darwin",2430,TOR,1,7,1,0,2.000000,0,0,0,,,
Duda,Lucas,446263,"Duda Lucas",2502,NYN,1,3,4,4,39.000000,5,0,1,,,
Lynn,Michael,458681,"Lynn Lance",2520,STL,1,1,1,1,5.100000,0,0,0,,,
Alonso,Yonder,475174,"Alonso Yonder",2530,OAK,1,3,6,5,47.000000,6,3,0,,,
Kozma,Peter,518902,"Kozma Pete",2539,NYA,1,6,3,0,6.000000,2,2,1,,,
Bourjos,Peter,488721,"Bourjos Peter",2578,TB,1,7,2,2,17.000000,4,1,2,,,
Bourjos,Peter,488721,"Bourjos Peter",2578,TB,1,8,1,0,2.000000,0,0,0,,,
Ruiz,Carlos Joaquin,434563,"Ruiz Carlos",2579,SEA,1,2,2,2,16.200000,,,,0,0,6.48
Chacin,Jhoulys,468504,"Chacin Jhoulys",2608,SD,1,1,2,2,10.000000,0,0,2,,,
Cozart,Zachary,446359,"Cozart Zack",2616,CIN,1,6,6,6,51.000000,13,5,1,,,
Guyer,Brandon,446386,"Guyer Brandon",2636,CLE,1,7,2,2,14.000000,1,0,1,,,
Guyer,Brandon,446386,"Guyer Brandon",2636,CLE,1,9,1,1,7.000000,1,0,0,,,
Cecil,Brett,446399,"Cecil Brett",2660,STL,1,1,3,0,2.000000,0,0,0,,,
Porcello,Rick,519144,"Porcello Rick",2717,BOS,1,1,2,2,12.100000,0,0,1,,,
Pina,Manuel,444489,"Pina Manny",2829,MIL,1,2,3,2,23.000000,,,,0,0,0.78
Marrero,Chris,502029,"Marrero Chris",2852,SF,1,7,4,3,18.200000,2,0,0,,,
Casilla,Jairo,433586,"Casilla Santiago",2873,OAK,1,1,3,0,3.000000,,,,,,
Avilan,Luis Armando,501593,"Avilan Luis",2882,LAN,1,1,3,0,3.200000,0,0,0,,,
McAllister,Zachary,502083,"McAllister Zach",2895,CLE,1,1,2,0,2.100000,0,0,0,,,
Perez,Roberto,547379,"Perez Roberto",2900,CLE,1,2,2,2,14.000000,,,,0,0,9.64
Napoli,Michael,435063,"Napoli Mike",3057,TEX,1,3,5,5,45.000000,5,2,2,,,
Moreland,Mitchell,519048,"Moreland Mitch",3086,BOS,1,3,5,5,46.000000,3,0,1,,,
Jansen,Kenley,445276,"Jansen Kenley",3096,LAN,1,1,2,0,2.000000,0,0,0,,,
Watson,Anthony,453265,"Watson Tony",3132,PIT,1,1,3,0,3.000000,0,0,0,,,
Scherzer,Max,453286,"Scherzer Max",3137,WAS,1,1,1,1,6.200000,0,0,0,,,
Chirinos,Robinson,455139,"Chirinos Robinson",3142,TEX,1,2,2,2,18.000000,,,,0,1,2.50
Choo,Shin-Soo,425783,"Choo Shin-Soo",3174,TEX,1,9,1,1,7.000000,1,0,1,,,
Harris,William,501789,"Harris Will",3192,HOU,1,1,3,0,3.000000,0,0,1,,,
Young,Christopher,432934,"Young Chris",3196,KC,1,1,2,0,2.100000,0,0,0,,,
Santana,Ervin,429722,"Santana Ervin",3200,MIN,1,1,2,2,13.000000,0,0,0,,,
Liriano,Francisco,434538,"Liriano Francisco",3201,TOR,1,1,1,1,0.100000,0,0,0,,,
Britton,Zachary Grant,502154,"Britton Zach",3240,BAL,1,1,4,0,5.000000,0,0,1,,,
Samardzija,Jeffrey Alan,502188,"Samardzija Jeff",3254,SF,1,1,1,1,5.100000,0,0,0,,,
Gutierrez,Franklin,429711,"Gutierrez Franklin",3255,LAN,1,7,5,3,27.000000,4,0,3,,,
Castillo,Welington,456078,"Castillo Welington",3256,BAL,1,2,4,4,38.000000,,,,0,0,2.84
Cano,Robinson,429664,"Cano Robinson",3269,SEA,1,4,7,7,62.100000,10,3,2,,,
Smith,Joseph Michael,501925,"Smith Joe",3281,TOR,1,1,3,0,3.000000,0,0,0,,,
Sanchez,Anibal,434671,"Sanchez Anibal",3284,DET,1,1,2,0,4.200000,0,0,0,,,
Hatcher,David,501822,"Hatcher Chris",3299,LAN,1,1,3,0,5.000000,0,0,1,,,
O'Day,Darren,503285,"O'Day Darren",3321,BAL,1,1,2,0,2.000000,0,0,0,,,
Joyce,Matthew,459964,"Joyce Matt",3353,OAK,1,9,6,5,43.000000,3,0,3,,,
Montero,Miguel,471083,"Montero Miguel",3364,CHN,1,2,2,2,18.000000,,,,0,0,3.50
Jimenez,Ubaldo,434622,"Jimenez Ubaldo",3374,BAL,1,1,1,1,4.100000,0,0,0,,,
Hundley,Nicholas,460026,"Hundley Nick",3376,SF,1,2,1,1,8.000000,,,,0,0,7.88
Pennington,Clifton,460060,"Pennington Cliff",3395,LAA,1,4,1,1,8.000000,1,0,0,,,
Pennington,Clifton,460060,"Pennington Cliff",3395,LAA,1,6,1,0,1.000000,0,0,1,,,
Diaz,Jose,471822,"Diaz Jumbo",3397,TB,1,1,4,0,4.100000,0,0,0,,,
Braun,Ryan,460075,"Braun Ryan",3410,MIL,1,7,5,5,47.000000,7,0,2,,,
Butera,Andrew,460077,"Butera Drew",3411,KC,1,2,1,1,9.000000,,,,0,0,3.00
Mathis,Jeffery,425772,"Mathis Jeff",3448,ARI,1,2,4,4,36.000000,,,,0,1,4.00
Rizzo,Anthony Vincent,519203,"Rizzo Anthony",3473,CHN,1,3,6,6,55.000000,5,1,0,,,
Rizzo,Anthony Vincent,519203,"Rizzo Anthony",3473,CHN,1,7,1,0,0.000000,,,,,,
Hosmer,Eric John,543333,"Hosmer Eric",3516,KC,1,3,6,6,53.200000,3,0,0,,,
Tulowitzki,Troy,453064,"Tulowitzki Troy",3531,TOR,1,6,6,6,54.100000,18,2,4,,,
Duffy,Daniel,518633,"Duffy Danny",3542,KC,1,1,2,2,13.000000,0,0,1,,,
Buchholz,Clay,453329,"Buchholz Clay",3543,PHI,1,1,1,1,5.000000,0,0,0,,,
Hendriks,Liam,521230,"Hendriks Liam",3548,OAK,1,1,2,0,2.100000,,,,,,
Richard,Clayton,453385,"Richard Clayton",3551,SD,1,1,2,2,14.000000,0,0,2,,,
Barnette,Anthony,501817,"Barnette Tony",3555,TEX,1,1,3,0,3.000000,0,0,0,,,
Rivera,Rene,425784,"Rivera Rene",3648,NYN,1,2,3,3,25.000000,,,,0,0,2.88
Johnson,James,462382,"Johnson Jim",3656,ATL,1,1,2,0,3.000000,0,0,0,,,
Soto,Geovany,434567,"Soto Geovany",3707,CHA,1,2,4,3,29.000000,,,,0,0,2.17
Davis,Rajai,434658,"Davis Rajai",3708,OAK,1,8,7,7,61.000000,20,0,3,,,
Thames,Eric,519346,"Thames Eric",3711,MIL,1,3,3,3,24.200000,4,1,1,,,
Thames,Eric,519346,"Thames Eric",3711,MIL,1,7,2,1,11.200000,2,0,1,,,
Thames,Eric,519346,"Thames Eric",3711,MIL,1,9,1,1,6.100000,1,0,0,,,
Hardy,James,429666,"Hardy J.J.",3797,BAL,1,6,5,5,47.000000,12,2,0,,,
Nolasco,Carlos,445060,"Nolasco Ricky",3830,LAA,1,1,2,2,11.200000,0,0,1,,,
Stewart,Chris,455755,"Stewart Chris",3878,PIT,1,2,1,1,9.000000,,,,0,0,4.00
Young,Christopher,455759,"Young Chris",3882,BOS,1,9,3,3,28.000000,2,0,3,,,
Reddick,William,502210,"Reddick Josh",3892,HOU,1,7,4,1,14.000000,1,0,1,,,
Reddick,William,502210,"Reddick Josh",3892,HOU,1,9,5,4,36.000000,5,0,1,,,
Fien,Casey,502272,"Fien Casey",3926,SEA,1,1,4,0,3.200000,0,0,1,,,
Heisey,Chris,502317,"Heisey Chris",3978,WAS,1,7,1,0,3.000000,1,0,0,,,
Volquez,Edinson,450172,"Volquez Edinson",3990,MIA,1,1,2,2,11.000000,0,0,1,,,
Romero,Enny Manuel,544836,"Romero Enny",4001,WAS,1,1,3,0,2.100000,0,0,0,,,
Petit,Yusmeiro,433589,"Petit Yusmeiro",4020,LAA,1,1,2,0,3.000000,0,0,0,,,
Cabrera,Melky,466320,"Cabrera Melky",4022,CHA,1,7,5,5,43.000000,9,0,3,,,
Santiago,Phil Felipe,502327,"Santiago Hector",4026,MIN,1,1,1,1,5.000000,0,0,0,,,
Fowler,Dexter,451594,"Fowler Dexter",4062,STL,1,8,6,6,52.000000,10,0,3,,,
Recker,Anthony,489232,"Recker Anthony",4063,ATL,1,2,1,0,1.000000,,,,0,0,0.00
Strop,Pedro,467008,"Strop Pedro",4070,CHN,1,1,4,0,3.100000,,,,,,
Tazawa,Junichi,547749,"Tazawa Junichi",4079,MIA,1,1,3,0,2.000000,0,0,0,,,
Aybar,Erick,430947,"Aybar Erick",4082,SD,1,6,7,6,49.000000,15,6,4,,,
Gregerson,Luke,502381,"Gregerson Luke",4090,HOU,1,1,4,0,3.100000,0,0,0,,,
Brantley,Michael,488726,"Brantley Michael",4106,CLE,1,7,5,4,36.000000,4,0,5,,,
Holland,Derek,502706,"Holland Derek",4141,CHA,1,1,1,1,6.000000,0,0,0,,,
Hernandez,Gorkys,491676,"Hernandez Gorkys",4146,SF,1,7,2,0,5.200000,1,0,0,,,
Hernandez,Gorkys,491676,"Hernandez Gorkys",4146,SF,1,8,4,4,33.000000,5,1,2,,,
Arrieta,Jacob,453562,"Arrieta Jake",4153,CHN,1,1,2,2,13.000000,0,0,2,,,
Escobar,Yunel,488862,"Escobar Yunel",4191,LAA,1,5,7,7,61.000000,13,4,2,,,
Zimmerman,Ryan,475582,"Zimmerman Ryan",4220,WAS,1,3,6,5,42.200000,6,1,0,,,
Kendrick,Howard,435062,"Kendrick Howie",4229,PHI,1,7,5,5,42.000000,4,0,4,,,
Weaver,Jered,450308,"Weaver Jered",4235,SD,1,1,1,1,5.000000,0,0,1,,,
Lobaton,Jose,446653,"Lobaton Jose",4243,WAS,1,2,1,1,8.000000,,,,0,0,3.38
Drew,Stephen,452220,"Drew Stephen",4251,WAS,1,5,1,1,9.000000,0,0,0,,,
Drew,Stephen,452220,"Drew Stephen",4251,WAS,1,6,1,1,8.200000,1,1,1,,,
Melancon,Mark,453343,"Melancon Mark",4264,SF,1,1,2,0,1.200000,0,0,0,,,
Wieters,Matthew,446308,"Wieters Matt",4298,WAS,1,2,6,5,45.200000,,,,0,0,6.50
Wilson,Justin,458677,"Wilson Justin",4301,DET,1,1,3,0,2.200000,,,,,,
Votto,Joey,458015,"Votto Joey",4314,CIN,1,3,6,6,50.200000,8,1,1,,,
Murphy,Daniel Thomas,502517,"Murphy Daniel",4316,WAS,1,4,6,6,53.200000,12,4,5,,,
Chatwood,Tyler Cole,543022,"Chatwood Tyler",4338,COL,1,1,1,1,6.000000,0,0,1,,,
Breslow,Craig,444520,"Breslow Craig",4363,MIN,1,1,1,0,0.100000,0,0,0,,,
Van Slyke,Scott T,475100,"Van Slyke Scott",4365,LAN,1,3,2,1,8.000000,1,0,0,,,
Van Slyke,Scott T,475100,"Van Slyke Scott",4365,LAN,1,7,4,0,7.000000,1,1,0,,,
Van Slyke,Scott T,475100,"Van Slyke Scott",4365,LAN,1,8,1,0,1.000000,1,0,0,,,
Hellickson,Jeremy,476451,"Hellickson Jeremy",4371,PHI,1,1,2,2,10.000000,0,0,0,,,
Lowrie,Jed,476704,"Lowrie Jed",4418,OAK,1,4,6,6,52.000000,14,2,0,,,
Zimmermann,Jordan,519455,"Zimmermann Jordan",4505,DET,1,1,1,1,6.000000,0,0,0,,,
Hammel,Jason,434628,"Hammel Jason",4538,KC,1,1,1,1,5.000000,0,0,0,,,
Castro,Starlin DeJesus,516770,"Castro Starlin",4579,NYA,1,4,6,6,50.000000,11,5,2,,,
Martin,Russell,431145,"Martin Russell",4616,TOR,1,2,5,5,46.100000,,,,0,0,3.50
McCarthy,Brandon,435221,"McCarthy Brandon",4662,LAN,1,1,1,1,6.000000,0,0,0,,,
Morton,Charlie,450203,"Morton Charlie",4676,HOU,1,1,1,1,6.000000,0,0,1,,,
Neshek,Patrick,450212,"Neshek Pat",4682,PHI,1,1,3,0,2.200000,0,0,0,,,
Jones,Nathan Andrew,518858,"Jones Nate",4696,CHA,1,1,2,0,2.100000,0,0,2,,,
Revere,Ben Daniel,519184,"Revere Ben",4712,LAA,1,7,2,2,17.000000,3,1,1,,,
Headley,Chase J,452104,"Headley Chase",4720,NYA,1,3,1,0,1.000000,,,,,,
Headley,Chase J,452104,"Headley Chase",4720,NYA,1,5,6,6,49.000000,8,3,2,,,
Ellsbury,Jacoby M,453056,"Ellsbury Jacoby",4727,NYA,1,8,5,5,41.000000,8,0,3,,,
Cain,Matthew,430912,"Cain Matt",4732,SF,1,1,1,1,4.100000,0,0,0,,,
Granderson,Curtis,434158,"Granderson Curtis",4747,NYN,1,8,5,5,48.000000,10,1,1,,,
Broxton,Jonathan,455009,"Broxton Jonathan",4759,STL,1,1,2,0,2.000000,0,0,0,,,
Hernandez,Felix,433587,"Hernandez Felix",4772,SEA,1,1,2,2,11.000000,0,0,0,,,
Shoemaker,Matthew D.,533167,"Shoemaker Matt",4776,LAA,1,1,2,2,9.100000,0,0,1,,,
Hill,Richard,448179,"Hill Rich",4806,LAN,1,1,1,1,5.000000,0,0,0,,,
McCann,Brian,435263,"McCann Brian",4810,HOU,1,2,5,5,48.000000,,,,1,0,3.00
Blanton,Joseph,430599,"Blanton Joe",4849,WAS,1,1,3,0,4.200000,0,0,1,,,
Dyson,Jarrod Martel,502481,"Dyson Jarrod",4866,SEA,1,7,5,5,45.200000,2,0,4,,,
Dyson,Jarrod Martel,502481,"Dyson Jarrod",4866,SEA,1,8,1,1,8.000000,2,0,1,,,
Montgomery,Michael,543557,"Montgomery Mike",4869,CHN,1,1,2,0,3.000000,0,0,0,,,
Maurer,Brandon,543506,"Maurer Brandon",4878,SD,1,1,2,0,2.000000,0,0,1,,,
Gomez,Carlos,460576,"Gomez Carlos",4881,TEX,1,8,6,6,54.000000,12,2,6,,,
Moylan,Peter,493247,"Moylan Peter",4891,KC,1,1,4,0,2.200000,,,,,,
Moustakas,Michael,519058,"Moustakas Mike",4892,KC,1,5,4,4,36.200000,5,2,1,,,
Inciarte,Ender David,542255,"Inciarte Ender",4922,ATL,1,8,6,6,53.000000,17,1,7,,,
Lester,Jonathan,452657,"Lester Jon",4930,CHN,1,1,1,1,5.000000,0,0,1,,,
Heyward,Jason,518792,"Heyward Jason",4940,CHN,1,8,2,2,14.100000,3,0,1,,,
Heyward,Jason,518792,"Heyward Jason",4940,CHN,1,9,4,3,31.200000,3,0,1,,,
Stanton,Michael Cruz-Michael,519317,"Stanton Giancarlo",4949,MIA,1,9,6,6,51.000000,9,0,2,,,
Cabrera,Asdrubal,452678,"Cabrera Asdrubal",4962,NYN,1,6,6,6,56.200000,15,3,4,,,
Salas,Noel,477569,"Salas Fernando",4971,NYN,1,1,5,0,4.200000,0,0,0,,,
Hamels,Colbert,430935,"Hamels Cole",4972,TEX,1,1,1,1,6.000000,0,0,0,,,
Vogt,Stephen Guy,519390,"Vogt Stephen",5000,OAK,1,2,5,5,44.000000,,,,0,0,5.11
Donaldson,Joshua,518626,"Donaldson Josh",5038,TOR,1,5,6,6,51.100000,8,1,1,,,
Fields,Joshua,451661,"Fields Josh",5070,LAN,1,1,2,0,1.100000,,,,,,
Marte,Jefry Leonal,527043,"Marte Jefry",5107,LAA,1,3,2,2,18.000000,2,0,1,,,
Gordon,Alex,460086,"Gordon Alex",5209,KC,1,7,6,6,53.200000,6,0,5,,,
LeBlanc,Wade,453281,"LeBlanc Wade",5221,PIT,1,1,1,0,0.100000,0,0,0,,,
Upton,Justin,457708,"Upton Justin",5222,DET,1,7,5,5,39.000000,8,2,6,,,
Maybin,Cameron,457727,"Maybin Cameron",5223,LAA,1,7,5,5,44.000000,9,0,2,,,
Parker,Richard,453284,"Parker Blake",5224,LAA,1,1,4,0,4.000000,0,0,0,,,
Jay,Jonathan,445055,"Jay Jon",5227,CHN,1,8,3,2,22.200000,4,0,1,,,
Turner,Justin,457759,"Turner Justin",5235,LAN,1,5,6,6,52.000000,11,4,4,,,
Leon,Sandy David,506702,"Leon Sandy",5273,BOS,1,2,4,4,38.000000,,,,0,0,3.08
Cervelli,Francisco,465041,"Cervelli Francisco",5275,PIT,1,2,5,4,38.100000,,,,0,0,3.52
Hicks,Aaron,543305,"Hicks Aaron",5297,NYA,1,7,1,0,2.000000,0,0,0,,,
Hicks,Aaron,543305,"Hicks Aaron",5297,NYA,1,8,1,1,9.000000,2,1,1,,,
Hicks,Aaron,543305,"Hicks Aaron",5297,NYA,1,9,1,1,8.000000,0,0,0,,,
Crawford,Brandon,543063,"Crawford Brandon",5343,SF,1,6,7,7,58.200000,17,4,2,,,
Solarte,Yangervis Alfredo,500208,"Solarte Yangervis",5352,SD,1,4,7,7,59.000000,15,5,4,,,
Alvarez,Jose Ricardo,501625,"Alvarez Jose",5358,LAA,1,1,3,0,1.100000,,,,,,
Freeman,Freddie Charles,518692,"Freeman Freddie",5361,ATL,1,3,6,6,53.000000,4,1,0,,,
Pineda,Michael Francisco,501381,"Pineda Michael",5372,NYA,1,1,1,1,3.200000,0,0,0,,,
Peacock,Bradley,502748,"Peacock Brad",5401,HOU,1,1,3,0,3.200000,,,,,,
Sandoval,Pablo,467055,"Sandoval Pablo",5409,BOS,1,5,5,5,46.000000,7,3,2,,,
Altuve,Jose Carlos,514888,"Altuve Jose",5417,HOU,1,4,7,7,70.000000,12,1,5,,,
Chavez,Jesse,445926,"Chavez Jesse",5448,LAA,1,1,1,1,5.200000,0,0,0,,,
Nava,Daniel,537953,"Nava Daniel",5450,PHI,1,3,1,0,1.000000,,,,,,
Nava,Daniel,537953,"Nava Daniel",5450,PHI,1,7,1,1,8.000000,0,0,1,,,
Almonte,Abraham,501659,"Almonte Abraham",5486,CLE,1,7,1,0,0.200000,0,0,1,,,
Almonte,Abraham,501659,"Almonte Abraham",5486,CLE,1,9,3,2,20.000000,0,0,1,,,
Romine,Austin Allen,519222,"Romine Austin",5491,NYA,1,2,2,1,13.000000,,,,0,0,4.15
Gonzalez,Marwin Javier,503556,"Gonzalez Marwin",5497,HOU,1,3,4,2,21.000000,3,1,0,,,
Gonzalez,Marwin Javier,503556,"Gonzalez Marwin",5497,HOU,1,5,1,1,9.000000,1,0,0,,,
Gonzalez,Marwin Javier,503556,"Gonzalez Marwin",5497,HOU,1,7,2,1,11.000000,0,0,0,,,
Vizcaino,Arodys,527055,"Vizcaino Arodys",5498,ATL,1,1,3,0,3.000000,0,0,1,,,
Bumgarner,Madison,518516,"Bumgarner Madison",5524,SF,1,1,2,2,15.000000,0,0,0,,,
Logan,Boone,457429,"Logan Boone",5525,CLE,1,1,3,0,0.200000,0,0,0,,,
Saltalamacchia,Jarrod,457454,"Saltalamacchia Jarrod",5557,TOR,1,2,1,1,8.000000,,,,0,0,11.25
Kemp,Matthew,461314,"Kemp Matt",5631,ATL,1,7,4,4,33.000000,8,0,2,,,
Clippard,Tyler,461325,"Clippard Tyler",5640,NYA,1,1,3,0,3.000000,,,,,,
Souza Jr.,Steven,519306,"Souza Jr. Steven",5667,TB,1,9,7,7,65.000000,10,0,9,,,
Ellis,Andrew,454560,"Ellis A.J.",5677,MIA,1,2,1,1,9.000000,,,,0,0,2.00
Guerra,Junior,448855,"Guerra Junior",5702,MIL,1,1,1,1,3.000000,,,,,,
O'Flaherty,Eric,447714,"O'Flaherty Eric",5746,ATL,1,1,3,0,1.200000,0,0,0,,,
Perez,Hernan Alejandro,541650,"Perez Hernan",5751,MIL,1,5,1,0,4.200000,0,0,0,,,
Perez,Hernan Alejandro,541650,"Perez Hernan",5751,MIL,1,6,3,2,23.000000,6,2,3,,,
Perez,Hernan Alejandro,541650,"Perez Hernan",5751,MIL,1,8,1,1,9.100000,2,0,1,,,
Perez,Hernan Alejandro,541650,"Perez Hernan",5751,MIL,1,9,1,1,9.000000,0,0,1,,,
Garcia,Avisail Antonio,541645,"Garcia Avisail",5760,CHA,1,9,5,5,45.000000,8,1,4,,,
Rondon,Bruce,541652,"Rondon Bruce",5766,DET,1,1,3,0,1.100000,0,0,0,,,
Flores,Wilmer Alejandro,527038,"Flores Wilmer",5827,NYN,1,3,2,2,18.000000,3,0,1,,,
Flores,Wilmer Alejandro,527038,"Flores Wilmer",5827,NYN,1,5,2,1,6.100000,4,2,0,,,
Marinez,Jhan Carlos,501697,"Marinez Jhan",5830,MIL,1,1,3,0,4.100000,0,0,0,,,
Salazar,Danny Dariel,517593,"Salazar Danny",5867,CLE,1,1,1,1,5.200000,0,0,0,,,
Jaso,John,444379,"Jaso John",5887,PIT,1,3,3,1,14.000000,0,0,0,,,
Garcia,Levry,544725,"Garcia Leury",5913,CHA,1,7,1,0,2.000000,1,1,0,,,
Garcia,Levry,544725,"Garcia Leury",5913,CHA,1,8,1,1,7.000000,1,0,0,,,
Markakis,Nicholas,455976,"Markakis Nick",5930,ATL,1,9,6,6,53.000000,11,0,4,,,
Segura,Jean Carlo,516416,"Segura Jean",5933,SEA,1,6,7,7,62.100000,21,6,4,,,
Sucre,Jesus Marcelo,491696,"Sucre Jesus",5942,TB,1,2,3,2,19.000000,,,,0,0,2.84
Delgado,Randall Enrique,517414,"Delgado Randall",5985,ARI,1,1,3,0,4.000000,0,0,1,,,
Herrera,Kelvin De Jesus,516969,"Herrera Kelvin",6033,KC,1,1,2,0,2.000000,,,,,,
Hill,Aaron,431094,"Hill Aaron",6104,SF,1,4,2,2,14.100000,5,2,1,,,
Hill,Aaron,431094,"Hill Aaron",6104,SF,1,7,4,1,12.200000,2,0,0,,,
Escobar,Eduardo Jose,500871,"Escobar Eduardo",6153,MIN,1,5,1,1,9.000000,3,2,0,,,
Escobar,Eduardo Jose,500871,"Escobar Eduardo",6153,MIN,1,6,1,1,9.000000,2,0,0,,,
Kinsler,Ian,435079,"Kinsler Ian",6195,DET,1,4,5,5,42.000000,11,2,1,,,
Betances,Dellin,476454,"Betances Dellin",6216,NYA,1,1,3,0,2.100000,0,0,0,,,
Cahill,Trevor John,502239,"Cahill Trevor",6249,SD,1,1,1,1,5.200000,0,0,1,,,
Feldman,Scott,444857,"Feldman Scott",6283,CIN,1,1,2,2,10.200000,0,0,1,,,
Escobar,Alcides,444876,"Escobar Alcides",6310,KC,1,6,6,6,53.200000,17,5,3,,,
Phelps,David,475479,"Phelps David",6316,MIA,1,1,3,0,4.000000,0,0,1,,,
Archer,Chris,502042,"Archer Chris",6345,TB,1,1,2,2,14.200000,0,0,0,,,
Valencia,Daniel,502143,"Valencia Danny",6364,SEA,1,3,7,7,60.100000,9,1,2,,,
Jones,Adam,430945,"Jones Adam",6368,BAL,1,8,5,5,47.000000,6,1,2,,,
Odorizzi,Jake,543606,"Odorizzi Jake",6397,TB,1,1,2,2,12.000000,0,0,0,,,
Nieuwenhuis,Kirk Robert,543590,"Nieuwenhuis Kirk",6400,MIL,1,8,3,2,25.000000,3,0,2,,,
Hardy,Blaine,543278,"Hardy Blaine",6499,DET,1,1,1,0,1.000000,,,,,,
Mercer,Jordy,474568,"Mercer Jordy",6547,PIT,1,6,5,5,47.100000,10,2,4,,,
Cobb,Alexander,502171,"Cobb Alex",6562,TB,1,1,1,1,5.200000,0,0,2,,,
Koehler,Thomas,543408,"Koehler Tom",6570,MIA,1,1,1,1,5.000000,0,0,0,,,
Galvis,Freddy Jose,520471,"Galvis Freddy",6609,PHI,1,6,6,6,49.000000,10,1,1,,,
Rzepczynski,Marc,519240,"Rzepczynski Marc",6612,SEA,1,1,3,0,1.100000,0,0,0,,,
Brach,Brad,542960,"Brach Brad",6627,BAL,1,1,4,0,4.000000,0,0,0,,,
Carrasco,Carlos,471911,"Carrasco Carlos",6632,CLE,1,1,1,1,5.200000,0,0,0,,,
d'Arnaud,Chase,488818,"d'Arnaud Chase",6652,ATL,1,7,2,0,3.000000,1,0,1,,,
Kimbrel,Craig,518886,"Kimbrel Craig",6655,BOS,1,1,3,0,3.000000,0,0,0,,,
Colome,Alexander Manuel,517008,"Colome Alex",6661,TB,1,1,4,0,4.100000,0,0,2,,,
Socolovich,Miguel,462515,"Socolovich Miguel",6697,STL,1,1,2,0,3.000000,0,0,1,,,
Miller,Andrew,453192,"Miller Andrew",6785,CLE,1,1,3,0,3.100000,,,,,,
Teheran,Julio Alberto,527054,"Teheran Julio",6797,ATL,1,1,2,2,13.000000,0,0,1,,,
Nunez,Eduardo,456488,"Nunez Eduardo",6848,SF,1,5,7,7,58.200000,23,10,1,,,
Norris,Derek,519083,"Norris Derek",6867,TB,1,2,5,5,46.000000,,,,0,1,3.33
Trumbo,Mark,444432,"Trumbo Mark",6876,BAL,1,9,1,1,9.000000,3,0,2,,,
Maldonado,Martin,455117,"Maldonado Martin",6887,LAA,1,2,6,5,46.000000,,,,1,0,2.93
Cueto,Johnny,456501,"Cueto Johnny",6893,SF,1,1,2,2,12.000000,0,0,1,,,
Anderson,Chase,502624,"Anderson Chase",6895,MIL,1,1,1,1,6.000000,0,0,2,,,
Perez,Martin,527048,"Perez Martin",6902,TEX,1,1,2,2,11.100000,0,0,2,,,
Soria,Joakim,465657,"Soria Joakim",6941,KC,1,1,3,0,4.000000,0,0,2,,,
Storen,Drew,519322,"Storen Drew",6983,CIN,1,1,3,0,3.000000,0,0,0,,,
Kennedy,Ian Patrick,453178,"Kennedy Ian",6986,KC,1,1,1,1,5.000000,0,0,0,,,
Pressly,Ryan,519151,"Pressly Ryan",7005,MIN,1,1,3,0,2.000000,,,,,,
Molina,Yadier,425877,"Molina Yadier",7007,STL,1,2,6,6,49.000000,,,,0,0,3.67
Gonzalez,Miguel Angel,456068,"Gonzalez Miguel",7024,CHA,1,1,1,1,6.000000,0,0,0,,,
Shields,James,448306,"Shields James",7059,CHA,1,1,1,1,5.100000,0,0,0,,,
Joseph,Caleb,543376,"Joseph Caleb",7087,BAL,1,2,1,1,9.000000,,,,0,0,7.00
Hudson,Daniel Clairborne,543339,"Hudson Daniel",7146,PIT,1,1,4,0,3.200000,0,0,1,,,
Forsythe,Logan Logan,523253,"Forsythe Logan",7185,LAN,1,4,5,5,44.000000,5,2,3,,,
Forsythe,Logan Logan,523253,"Forsythe Logan",7185,LAN,1,5,1,1,9.000000,1,0,1,,,
Holland,Gregory,518813,"Holland Greg",7196,COL,1,1,4,0,4.000000,,,,,,
Stammen,Craig,489334,"Stammen Craig",7274,SD,1,1,3,0,3.100000,0,0,0,,,
Gonzalez,Carlos,471865,"Gonzalez Carlos",7287,COL,1,9,6,6,53.000000,7,0,3,,,
Ziegler,Brad,446899,"Ziegler Brad",7293,MIA,1,1,3,0,3.000000,0,0,0,,,
Perez,Salvador,521692,"Perez Salvador",7304,KC,1,2,5,5,44.200000,,,,1,0,5.44
Collmenter,Joshua Michael,518567,"Collmenter Josh",7312,ATL,1,1,1,0,2.000000,0,0,1,,,
Gimenez,Chris,460269,"Gimenez Chris",7324,MIN,1,2,1,1,9.000000,,,,0,0,1.00
Gimenez,Chris,460269,"Gimenez Chris",7324,MIN,1,5,1,0,1.000000,1,0,0,,,
Smith,Garry,452234,"Smith Seth",7331,BAL,1,9,3,3,26.000000,2,0,2,,,
Martinez,Michael,492841,"Martinez Michael",7358,CLE,1,5,2,0,3.000000,1,1,0,,,
Otero,Daniel,519096,"Otero Dan",7385,CLE,1,1,3,0,2.000000,0,0,0,,,
Happ,James,457918,"Happ J.A.",7410,TOR,1,1,1,1,7.000000,0,0,0,,,
Zobrist,Benjamin,450314,"Zobrist Ben",7435,CHN,1,4,3,2,18.200000,3,0,1,,,
Zobrist,Benjamin,450314,"Zobrist Ben",7435,CHN,1,7,3,0,4.200000,0,0,0,,,
Zobrist,Benjamin,450314,"Zobrist Ben",7435,CHN,1,9,3,3,23.100000,3,0,1,,,
Davis,Wade,451584,"Davis Wade",7441,CHN,1,1,3,0,2.100000,0,0,0,,,
Gonzalez,Giovany,461829,"Gonzalez Gio",7448,WAS,1,1,1,1,6.000000,0,0,0,,,
Hughes,Philip,461833,"Hughes Phil",7450,MIN,1,1,1,1,6.000000,0,0,0,,,
Plouffe,Trevor,461858,"Plouffe Trevor",7462,OAK,1,5,5,5,43.000000,15,4,2,,,
Avila,Alex,488671,"Avila Alex",7476,DET,1,2,1,1,9.000000,,,,0,0,7.00
Layne,Thomas Kevin,518927,"Layne Tommy",7501,NYA,1,1,4,0,2.100000,0,0,0,,,
Scribner,Evan,519267,"Scribner Evan",7525,SEA,1,1,3,0,1.200000,0,0,0,,,
Walker,Neil,435522,"Walker Neil",7539,NYN,1,4,6,6,57.000000,16,3,3,,,
McGee,Jacob,459429,"McGee Jake",7550,COL,1,1,3,0,2.000000,0,0,0,,,
Vincent,Nick,543883,"Vincent Nick",7555,SEA,1,1,3,0,3.200000,0,0,0,,,
Lyles,Jordan,543475,"Lyles Jordan",7593,COL,1,1,2,0,3.000000,0,0,0,,,
Milone,Tom,543548,"Milone Tommy",7608,MIL,1,1,2,1,6.000000,0,0,0,,,
Reynolds,Mark,448602,"Reynolds Mark",7619,COL,1,3,7,7,62.000000,11,2,0,,,
Torres,Carlos,448614,"Torres Carlos",7624,MIL,1,1,4,0,6.100000,0,0,1,,,
Ramirez,Neil Andrew,519166,"Ramirez Neil",7677,SF,1,1,2,0,2.100000,0,0,0,,,
Nicasio,Juan,504379,"Nicasio Juan",7731,PIT,1,1,3,0,3.000000,0,0,2,,,
Peralta,Wily,503449,"Peralta Wily",7738,MIL,1,1,1,1,5.000000,0,0,0,,,
d'Arnaud,Travis,518595,"d'Arnaud Travis",7739,NYN,1,2,4,3,32.000000,,,,0,0,3.66
Fiers,Michael Bruce,571666,"Fiers Mike",7754,HOU,1,1,1,1,6.000000,0,0,0,,,
Kelley,Shawn Andrew,518875,"Kelley Shawn",7773,WAS,1,1,2,0,2.000000,0,0,1,,,
Rojas,Miguel Elias,500743,"Rojas Miguel",7802,MIA,1,4,1,1,6.000000,1,0,2,,,
Rojas,Miguel Elias,500743,"Rojas Miguel",7802,MIA,1,5,3,1,12.000000,2,1,0,,,
Rojas,Miguel Elias,500743,"Rojas Miguel",7802,MIA,1,6,1,1,8.000000,1,0,1,,,
Strickland,Hunter Drew,519326,"Strickland Hunter",7836,SF,1,1,3,0,3.000000,0,0,1,,,
Blevins,Jerry,460283,"Blevins Jerry",7841,NYN,1,1,3,0,1.200000,,,,,,
Blackmon,Charles Cobb,453568,"Blackmon Charlie",7859,COL,1,8,7,7,62.000000,8,1,3,,,
Lucroy,Jonathan,518960,"Lucroy Jonathan",7870,TEX,1,2,4,4,36.000000,,,,-1,0,6.25
Gearrin,Cory Nathanial,518715,"Gearrin Cory",7947,SF,1,1,3,0,2.000000,0,0,0,,,
Beckham,Timothy Lamar,542921,"Beckham Tim",7949,TB,1,6,6,6,55.000000,14,5,8,,,
Martinez,Jose Alberto,500874,"Martinez Jose",7996,STL,1,9,2,0,6.000000,2,0,0,,,
Lind,Adam,452252,"Lind Adam",8027,WAS,1,3,2,1,11.000000,0,0,1,,,
Vargas,Jason,450306,"Vargas Jason",8044,KC,1,1,1,1,6.000000,0,0,0,,,
Jennings,Daniel Lee,543359,"Jennings Dan",8073,CHA,1,1,3,0,2.000000,0,0,0,,,
Carpenter,Matt Martin,572761,"Carpenter Matt",8090,STL,1,3,6,6,51.000000,11,1,1,,,
Shaw,Bryan,543766,"Shaw Bryan",8110,CLE,1,1,3,0,3.100000,0,0,0,,,
Garcia,Jaime,448802,"Garcia Jaime",8137,ATL,1,1,1,1,6.000000,0,0,0,,,
Fryer,Eric Joseph,518700,"Fryer Eric",8145,STL,1,2,2,0,5.000000,,,,0,0,7.20
Gallardo,Yovani,451596,"Gallardo Yovani",8173,SEA,1,1,1,1,5.000000,0,0,0,,,
Siegrist,Kevin Ryan,543779,"Siegrist Kevin",8180,STL,1,1,2,0,2.000000,0,0,0,,,
Wright,Steven,453214,"Wright Steven",8185,BOS,1,1,1,1,6.200000,0,0,0,,,
Harrison,Joshua Isaiah,543281,"Harrison Josh",8202,PIT,1,4,3,3,27.100000,8,1,2,,,
Harrison,Joshua Isaiah,543281,"Harrison Josh",8202,PIT,1,5,3,1,12.000000,1,1,0,,,
Gordon,Dee,543829,"Gordon Dee",8203,MIA,1,4,6,5,46.000000,12,2,3,,,
Anderson,Brett,474463,"Anderson Brett",8223,CHN,1,1,1,1,5.200000,0,0,0,,,
Robertson,David,502085,"Robertson David",8241,CHA,1,1,1,0,1.000000,,,,,,
Howell,James,434442,"Howell J.P.",8245,TOR,1,1,2,0,0.100000,0,0,0,,,
Pence,Hunter,452254,"Pence Hunter",8252,SF,1,9,6,6,50.200000,9,0,6,,,
Suzuki,Kurt,435559,"Suzuki Kurt",8259,ATL,1,2,3,3,27.000000,,,,-1,0,2.67
Iannetta,Christopher,455104,"Iannetta Chris",8267,ARI,1,2,2,2,18.000000,,,,0,0,4.50
Sipp,Tony,448609,"Sipp Tony",8280,HOU,1,1,2,0,0.200000,0,0,0,,,
Ramirez,Juan Carlos,500724,"Ramirez JC",8302,LAA,1,1,3,0,5.000000,0,0,0,,,
Span,Denard,452655,"Span Denard",8347,SF,1,8,3,3,25.200000,5,0,0,,,
Ramos,Alejandro,573109,"Ramos A.J.",8350,MIA,1,1,2,0,2.000000,0,0,0,,,
Pedroia,Dustin,456030,"Pedroia Dustin",8370,BOS,1,4,5,5,46.000000,10,1,1,,,
Descalso,Daniel,518614,"Descalso Daniel",8392,ARI,1,3,1,0,1.000000,0,0,0,,,
Descalso,Daniel,518614,"Descalso Daniel",8392,ARI,1,4,2,1,12.200000,3,1,0,,,
Descalso,Daniel,518614,"Descalso Daniel",8392,ARI,1,7,1,1,6.000000,0,0,0,,,
Farquhar,Daniel,543144,"Farquhar Danny",8501,TB,1,1,3,0,3.200000,0,0,0,,,
Parra,Gerardo,467827,"Parra Gerardo",8553,COL,1,7,7,6,56.000000,2,0,4,,,
McGowan,Dustin,430661,"McGowan Dustin",8600,MIA,1,1,3,0,3.000000,0,0,0,,,
Orlando,Paulo Roberto,449181,"Orlando Paulo",8628,KC,1,9,6,6,53.200000,9,0,5,,,
Verlander,Justin,434378,"Verlander Justin",8700,DET,1,1,1,1,6.100000,0,0,0,,,
Andrus,Elvis Augusto,462101,"Andrus Elvis",8709,TEX,1,6,6,6,54.000000,24,8,1,,,
Castro,Jason Michael,488771,"Castro Jason",8722,MIN,1,2,5,5,44.000000,,,,0,0,2.25
Roark,Tanner,543699,"Roark Tanner",8753,WAS,1,1,1,1,6.000000,0,0,2,,,
Miley,Wade,489119,"Miley Wade",8779,BAL,1,1,1,1,5.000000,0,0,0,,,
Drake,Oliver,543118,"Drake Oliver",8823,BAL,1,1,2,0,2.100000,0,0,0,,,
Bastardo,Antonio,455374,"Bastardo Antonio",8844,PIT,1,1,2,0,1.100000,0,0,0,,,
Warren,Adam,476589,"Warren Adam",9029,NYA,1,1,3,0,6.000000,,,,,,
Gomez,Jeanmar,491646,"Gomez Jeanmar",9033,PHI,1,1,3,0,3.000000,0,0,1,,,
Hoover,J.J.,543331,"Hoover J.J.",9037,ARI,1,1,4,0,3.200000,0,0,0,,,
Carrera,Ezequiel,485567,"Carrera Ezequiel",9048,TOR,1,7,6,3,31.200000,5,0,4,,,
Smoak,Justin,475253,"Smoak Justin",9054,TOR,1,3,6,5,39.200000,5,1,0,,,
Amarista,Alexi Jose,506560,"Amarista Alexi",9063,COL,1,4,1,1,6.000000,1,1,0,,,
Cain,Lorenzo,456715,"Cain Lorenzo",9077,KC,1,8,6,6,53.200000,13,2,6,,,
Putnam,Zach,474029,"Putnam Zach",9080,CHA,1,1,3,0,4.200000,0,0,0,,,
Hand,Brad,543272,"Hand Brad",9111,SD,1,1,3,0,3.000000,0,0,1,,,
Davis,Khristopher Adrian,501981,"Davis Khris",9112,OAK,1,7,6,6,53.000000,7,0,0,,,
Flowers,Tyler,452095,"Flowers Tyler",9134,ATL,1,2,3,3,25.000000,,,,-1,0,5.04
Posey,Buster,457763,"Posey Buster",9166,SF,1,2,6,6,50.200000,,,,0,1,5.15
Morrison,Logan,489149,"Morrison Logan",9205,TB,1,3,6,5,50.000000,2,0,0,,,
Goldschmidt,Paul Edward,502671,"Goldschmidt Paul",9218,ARI,1,3,7,7,62.000000,11,2,3,,,
Espinosa,Daniel,457787,"Espinosa Danny",9219,LAA,1,4,6,6,53.000000,9,3,3,,,
Uehara,Koji,493157,"Uehara Koji",9227,CHN,1,1,3,0,3.000000,0,0,0,,,
Wilson,Alex Alexander,543935,"Wilson Alex",9239,DET,1,1,3,0,2.000000,0,0,0,,,
Marte,Starling Javier,516782,"Marte Starling",9241,PIT,1,8,5,5,47.100000,12,3,1,,,
Broxton,Keon,542979,"Broxton Keon",9253,MIL,1,8,5,4,30.200000,5,0,1,,,
Pollock,A.J. Lorenz,572041,"Pollock A.J.",9256,ARI,1,8,6,6,54.000000,15,2,5,,,
Davis,Christopher,448801,"Davis Chris",9272,BAL,1,3,5,5,47.000000,3,0,1,,,
Herrmann,Christopher,543302,"Herrmann Chris",9284,ARI,1,2,1,1,9.000000,,,,0,0,0.00
Herrmann,Christopher,543302,"Herrmann Chris",9284,ARI,1,7,3,1,12.000000,2,0,1,,,
Phegley,Joshua Aaron,572033,"Phegley Josh",9308,OAK,1,2,2,2,17.000000,,,,0,0,3.71
Corbin,Patrick,571578,"Corbin Patrick",9323,ARI,1,1,2,2,10.000000,0,0,1,,,
Hughes,William,453172,"Hughes Jared",9325,MIL,1,1,4,0,4.100000,0,0,1,,,
Holt,Brock Wyatt,571788,"Holt Brock",9345,BOS,1,7,1,0,2.000000,0,0,0,,,
Longoria,Evan,446334,"Longoria Evan",9368,TB,1,5,7,7,65.000000,15,6,1,,,
Tomlin,Joshua,458708,"Tomlin Josh",9388,CLE,1,1,1,1,4.200000,0,0,1,,,
Adams,Matthew James,571431,"Adams Matt",9393,STL,1,7,4,3,23.100000,3,0,2,,,
Hazelbaker,Jeremy,571757,"Hazelbaker Jeremy",9399,ARI,1,7,1,0,3.000000,0,0,0,,,
Hazelbaker,Jeremy,571757,"Hazelbaker Jeremy",9399,ARI,1,8,1,1,9.000000,0,0,0,,,
Garneau,Dustin Thomas,572863,"Garneau Dustin",9433,COL,1,2,4,3,29.000000,,,,0,-1,1.86
Keuchel,Dallas,572971,"Keuchel Dallas",9434,HOU,1,1,2,2,14.000000,0,0,6,,,
Buchter,Ryan,488748,"Buchter Ryan",9456,SD,1,1,3,0,2.200000,0,0,0,,,
Straily,Daniel,573185,"Straily Dan",9460,MIA,1,1,1,1,3.100000,0,0,0,,,
Kontos,George,502004,"Kontos George",9486,SF,1,1,3,0,2.200000,0,0,0,,,
Jeffress,Jeremy,502026,"Jeffress Jeremy",9490,TEX,1,1,4,0,2.100000,0,0,2,,,
Norris,Bud,502032,"Norris Bud",9492,LAA,1,1,3,0,2.200000,0,0,0,,,
Freese,David,501896,"Freese David",9549,PIT,1,3,1,0,1.000000,0,0,0,,,
Freese,David,501896,"Freese David",9549,PIT,1,5,3,3,27.100000,4,2,4,,,
Gentry,Craig,502226,"Gentry Craig",9571,BAL,1,7,1,1,9.000000,1,0,1,,,
Gentry,Craig,502226,"Gentry Craig",9571,BAL,1,9,4,0,5.000000,0,0,0,,,
Gomes,Yan,543228,"Gomes Yan",9627,CLE,1,2,5,4,37.000000,,,,0,0,4.38
Nuno,Vidal,573064,"Nuno Vidal",9674,BAL,1,1,1,0,0.100000,,,,,,
Rosales,Adam,489267,"Rosales Adam",9682,OAK,1,4,1,1,9.000000,2,0,1,,,
Rosales,Adam,489267,"Rosales Adam",9682,OAK,1,7,1,1,5.000000,0,0,0,,,
Bour,Justin James,571506,"Bour Justin",9744,MIA,1,3,6,6,52.000000,8,2,0,,,
Kelly,Joseph William,523260,"Kelly Joe",9761,BOS,1,1,2,0,2.100000,0,0,0,,,
Vazquez,Christian,543877,"Vazquez Christian",9774,BOS,1,2,1,1,8.000000,,,,0,0,4.50
Arenado,Nolan James,571448,"Arenado Nolan",9777,COL,1,5,7,7,62.000000,17,4,0,,,
Richards,Garrett,572070,"Richards Garrett",9784,LAA,1,1,1,1,4.200000,0,0,2,,,
Seager,Kyle Duerr,572122,"Seager Kyle",9785,SEA,1,5,7,7,62.100000,24,9,5,,,
Goins,Ryan,572365,"Goins Ryan",9807,TOR,1,5,1,0,3.000000,2,2,0,,,
Dozier,Brian,572821,"Dozier Brian",9810,MIN,1,4,6,6,53.000000,18,6,4,,,
Romo,Sergio,489265,"Romo Sergio",9817,LAN,1,1,2,0,2.000000,0,0,0,,,
McCutchen,Andrew,457705,"McCutchen Andrew",9847,PIT,1,9,5,5,47.100000,6,2,2,,,
Jackson,Austin,457706,"Jackson Austin",9848,CLE,1,7,1,0,0.100000,1,0,0,,,
Jackson,Austin,457706,"Jackson Austin",9848,CLE,1,8,3,3,22.200000,3,0,3,,,
Roe,Chaz,475054,"Roe Chaz",9866,ATL,1,1,3,0,2.000000,0,0,0,,,
LeMahieu,David J.,518934,"LeMahieu DJ",9874,COL,1,4,7,6,56.000000,14,4,8,,,
Wood,Travis,475243,"Wood Travis",9884,KC,1,1,4,0,2.000000,0,0,0,,,
Bruce,Jay,457803,"Bruce Jay",9892,NYN,1,9,6,6,57.000000,8,1,3,,,
Rusin,Christopher Patrick,543734,"Rusin Chris",9895,COL,1,1,1,0,2.000000,0,0,1,,,
Carter,Vernon,474892,"Carter Chris",9911,NYA,1,3,2,2,16.000000,2,1,0,,,
Gardner,Brett,458731,"Gardner Brett",9927,NYA,1,7,6,6,48.000000,4,0,4,,,
Kintzler,Brandon L.,445213,"Kintzler Brandon",9939,MIN,1,1,4,0,4.100000,0,0,0,,,
Dunn,Michael,445197,"Dunn Mike",9948,COL,1,1,4,0,4.000000,0,0,0,,,
Schimpf,Ryan,572114,"Schimpf Ryan",9953,SD,1,5,6,6,51.000000,13,4,4,,,
Pearce,Steven,456665,"Pearce Steve",9957,TOR,1,3,3,1,14.200000,1,1,1,,,
Pearce,Steven,456665,"Pearce Steve",9957,TOR,1,7,4,3,20.200000,4,0,2,,,
Wilhelmsen,Tom,452666,"Wilhelmsen Tom",9975,ARI,1,1,4,0,3.100000,0,0,0,,,
Saunders,Michael,459431,"Saunders Michael",9981,PHI,1,9,5,5,39.000000,12,1,0,,,
Minor,Mike,501985,"Minor Mike",10021,KC,1,1,4,0,4.000000,0,0,0,,,
Bethancourt,Christian Gabriel,542194,"Bethancourt Christian",10028,SD,1,1,2,0,1.200000,0,0,0,,,
Owings,Christopher Scott,572008,"Owings Chris",10030,ARI,1,6,5,5,44.000000,20,4,3,,,
Owings,Christopher Scott,572008,"Owings Chris",10030,ARI,1,9,2,1,10.000000,0,0,2,,,
Myers,William Bradford,571976,"Myers Wil",10047,SD,1,3,7,7,60.000000,14,1,4,,,
Krol,Ian,571871,"Krol Ian",10066,ATL,1,1,3,0,2.200000,0,0,0,,,
Villar,Jonathan Rafael,542340,"Villar Jonathan",10071,MIL,1,4,7,7,65.000000,19,4,1,,,
Gibson,Kyle,502043,"Gibson Kyle",10123,MIN,1,1,1,1,5.000000,0,0,1,,,
Leake,Michael Raymond,502190,"Leake Mike",10130,STL,1,1,1,1,8.000000,0,0,0,,,
Strasburg,Stephen James,544931,"Strasburg Stephen",10131,WAS,1,1,2,2,14.000000,0,0,1,,,
Trout,Michael,545361,"Trout Mike",10155,LAA,1,8,7,7,61.000000,16,0,5,,,
Franklin,Nicholas,545338,"Franklin Nick",10166,MIL,1,7,1,1,6.100000,2,0,0,,,
Ramirez,Jose Altagracia,542432,"Ramirez Jose",10171,ATL,1,1,4,0,4.100000,0,0,1,,,
Skaggs,Tyler,572140,"Skaggs Tyler",10190,LAA,1,1,1,1,5.100000,0,0,0,,,
Miller,Shelby,571946,"Miller Shelby",10197,ARI,1,1,1,1,5.100000,0,0,0,,,
Hamilton,Billy,571740,"Hamilton Billy",10199,CIN,1,8,5,5,45.000000,9,0,3,,,
Barnhart,Tucker,571466,"Barnhart Tucker",10200,CIN,1,2,4,4,35.000000,,,,0,0,3.60
Iglesias,Jose Antonio,578428,"Iglesias Jose",10231,DET,1,6,5,5,44.000000,13,3,1,,,
Chapman,Aroldis,547973,"Chapman Aroldis",10233,NYA,1,1,2,0,2.000000,,,,,,
Grichuk,Randal Alexander,545341,"Grichuk Randal",10243,STL,1,7,5,3,30.200000,3,0,0,,,
Grichuk,Randal Alexander,545341,"Grichuk Randal",10243,STL,1,8,1,0,2.000000,1,0,0,,,
Grichuk,Randal Alexander,545341,"Grichuk Randal",10243,STL,1,9,4,3,21.100000,4,1,3,,,
Belt,Brandon Kyle,474832,"Belt Brandon",10264,SF,1,3,7,7,58.200000,6,2,1,,,
Smoker,Josh,519294,"Smoker Josh",10285,NYN,1,1,3,0,1.200000,0,0,0,,,
Sanchez,Hector Enrique,516949,"Sanchez Hector",10289,SD,1,2,1,1,6.100000,,,,0,0,12.79
Tepera,Dennis Ryan,572193,"Tepera Ryan",10291,TOR,1,1,3,0,4.000000,0,0,0,,,
Cosart,Jarred Lynn,543054,"Cosart Jarred",10304,SD,1,1,1,0,0.200000,0,0,0,,,
Wheeler,Zack Harrison,554430,"Wheeler Zack",10310,NYN,1,1,1,1,4.000000,0,0,1,,,
Ramirez,Erasmo Jose,541640,"Ramirez Erasmo",10314,TB,1,1,2,0,3.200000,0,0,0,,,
Tonkin,Michael,543859,"Tonkin Michael",10315,MIN,1,1,1,0,2.200000,0,0,0,,,
Santana,Daniel Ernesto,542454,"Santana Danny",10322,MIN,1,7,1,1,9.000000,2,0,0,,,
Ozuna,Marcell,542303,"Ozuna Marcell",10324,MIA,1,7,6,6,52.000000,8,0,3,,,
Gennett,Scooter,571697,"Gennett Scooter",10339,CIN,1,4,3,1,12.000000,3,1,1,,,
Gennett,Scooter,571697,"Gennett Scooter",10339,CIN,1,5,1,1,7.000000,0,0,2,,,
Loup,Aaron,571901,"Loup Aaron",10343,TOR,1,1,3,0,2.200000,0,0,0,,,
Santana,Domingo Alberto,570267,"Santana Domingo",10348,MIL,1,9,6,5,49.200000,4,0,1,,,
Joseph,Tommy Richard,571830,"Joseph Tommy",10349,PHI,1,3,6,5,43.000000,2,0,0,,,
Givens,Mychal Antonio,571710,"Givens Mychal",10430,BAL,1,1,3,0,3.200000,0,0,1,,,
Hechavarria,Adeiny,588751,"Hechavarria Adeiny",10459,MIA,1,6,5,5,44.000000,7,1,4,,,
Hernandez,Enrique,571771,"Hernandez Kiké",10472,LAN,1,6,2,1,8.000000,2,2,0,,,
Hernandez,Enrique,571771,"Hernandez Kiké",10472,LAN,1,8,2,2,14.000000,4,0,0,,,
Cuthbert,Cheslor Jesly,596144,"Cuthbert Cheslor",10473,KC,1,4,1,0,0.200000,,,,,,
Cuthbert,Cheslor Jesly,596144,"Cuthbert Cheslor",10473,KC,1,5,2,2,17.000000,8,4,0,,,
Petricka,Jacob Steven,502593,"Petricka Jake",10534,CHA,1,1,1,0,1.000000,,,,,,
Dietrich,Derek Richard,518618,"Dietrich Derek",10542,MIA,1,5,6,5,40.000000,2,1,3,,,
Nelson,Jimmy,519076,"Nelson Jimmy",10547,MIL,1,1,1,1,6.000000,0,0,0,,,
Hernandez,Cesar Augusto,514917,"Hernandez Cesar",10556,PHI,1,4,6,6,52.000000,13,4,4,,,
Reed,Addison Devon,592665,"Reed Addison",10586,NYN,1,1,3,0,3.000000,,,,,,
Sale,Chris,519242,"Sale Chris",10603,BOS,1,1,1,1,7.000000,0,0,0,,,
Perez,Carlos Eduardo,542208,"Perez Carlos",10642,LAA,1,2,2,2,15.000000,,,,0,0,7.20
Alcantara,Arismendy,570489,"Alcantara Arismendy",10711,CIN,1,5,1,0,1.000000,,,,,,
Alcantara,Arismendy,570489,"Alcantara Arismendy",10711,CIN,1,8,1,1,8.000000,2,0,1,,,
Greene,Shane,572888,"Greene Shane",10756,DET,1,1,2,0,1.000000,0,0,0,,,
Dickerson,Corey Corey,572816,"Dickerson Corey",10762,TB,1,7,1,0,1.000000,,,,,,
Edgin,Josh Wayne,572831,"Edgin Josh",10796,NYN,1,1,2,0,3.000000,0,0,0,,,
Saladino,Tyler,573135,"Saladino Tyler",10807,CHA,1,4,4,4,36.000000,7,0,4,,,
Foltynewicz,Mike,592314,"Foltynewicz Mike",10811,ATL,1,1,1,1,3.200000,0,0,0,,,
Profar,Jurickson Barthelomeus,595777,"Profar Jurickson",10815,TEX,1,7,2,2,18.000000,1,0,1,,,
Gyorko,Jedd Lindon,576397,"Gyorko Jedd",10816,STL,1,3,1,0,3.000000,0,0,0,,,
Gyorko,Jedd Lindon,576397,"Gyorko Jedd",10816,STL,1,4,2,2,15.000000,7,0,1,,,
Gyorko,Jedd Lindon,576397,"Gyorko Jedd",10816,STL,1,5,2,2,15.000000,4,1,1,,,
Simmons,Andrelton,592743,"Simmons Andrelton",10847,LAA,1,6,7,7,60.000000,16,5,8,,,
Shreve,Chasen Dean,592741,"Shreve Chasen",10855,NYA,1,1,2,0,2.000000,0,0,1,,,
Duvall,Adam,594807,"Duvall Adam",10950,CIN,1,7,6,6,53.000000,7,0,2,,,
Garcia,Greg,594824,"Garcia Greg",10951,STL,1,5,2,0,4.200000,2,0,0,,,
Gosselin,Phil David,594838,"Gosselin Phil",10953,PIT,1,3,1,0,2.100000,0,0,0,,,
Gosselin,Phil David,594838,"Gosselin Phil",10953,PIT,1,4,2,1,8.000000,3,0,0,,,
deGrom,Jacob,594798,"deGrom Jacob",10954,NYN,1,1,1,1,6.000000,0,0,0,,,
Gattis,Evan,594828,"Gattis Evan",11003,HOU,1,2,2,2,22.000000,,,,0,0,2.45
Kiermaier,Kevin James,595281,"Kiermaier Kevin",11038,TB,1,8,7,7,63.000000,15,0,6,,,
Lawrence,Casey Lee,596271,"Lawrence Casey",11121,TOR,1,1,2,0,2.000000,0,0,0,,,
Griffin,A.J. Joseph,456167,"Griffin A.J.",11132,TEX,1,1,1,1,3.100000,0,0,0,,,
Colon,Christian Anthony,518568,"Colon Christian",11145,KC,1,4,1,1,7.000000,1,0,1,,,
Rupp,Cameron Arthur,519237,"Rupp Cameron",11146,PHI,1,2,4,4,35.000000,,,,0,-1,3.86
Velasquez,Vincent John,592826,"Velasquez Vince",11189,PHI,1,1,1,1,4.000000,0,0,0,,,
Calhoun,Kole,594777,"Calhoun Kole",11200,LAA,1,9,7,7,61.000000,14,0,2,,,
Dayton,Grant,594795,"Dayton Grant",11203,LAN,1,1,3,0,3.000000,,,,,,
Cardullo,Stephen,506924,"Cardullo Stephen",11204,COL,1,7,1,1,6.000000,1,0,0,,,
Cardullo,Stephen,506924,"Cardullo Stephen",11204,COL,1,9,1,1,9.000000,1,0,1,,,
Eaton,Adam,594809,"Eaton Adam",11205,WAS,1,8,6,6,53.200000,10,3,1,,,
Blash,Jabari Jerell,518466,"Blash Jabari",11247,SD,1,7,1,1,8.000000,1,1,0,,,
Schoop,Jonathan Jezus,570731,"Schoop Jonathan",11265,BAL,1,4,5,5,47.000000,8,3,2,,,
Altherr,Aaron Samuel,571437,"Altherr Aaron",11270,PHI,1,7,1,0,2.000000,0,0,0,,,
Altherr,Aaron Samuel,571437,"Altherr Aaron",11270,PHI,1,9,2,1,13.000000,2,0,0,,,
Marisnick,Jake Shawn,545350,"Marisnick Jake",11339,HOU,1,8,6,3,34.000000,7,0,4,,,
Aguilar,Jesus Alexander,542583,"Aguilar Jesus",11342,MIL,1,3,5,4,35.200000,4,0,1,,,
Grandal,Yasmani,518735,"Grandal Yasmani",11368,LAN,1,2,5,5,43.000000,,,,0,0,2.72
DeShields,Delino Diaab,592261,"DeShields Delino",11379,TEX,1,7,1,1,9.000000,0,0,1,,,
Kahnle,Thomas,592454,"Kahnle Tommy",11384,CHA,1,1,2,0,2.000000,0,0,0,,,
Torreyes,Ronald Alcides,591720,"Torreyes Ronald",11400,NYA,1,5,1,0,1.000000,,,,,,
Torreyes,Ronald Alcides,591720,"Torreyes Ronald",11400,NYA,1,6,6,6,44.000000,12,2,3,,,
Quintana,Jose Guillermo,500779,"Quintana Jose",11423,CHA,1,1,2,2,11.200000,0,0,0,,,
Sanchez,Gary,596142,"Sanchez Gary",11442,NYA,1,2,5,5,37.000000,,,,0,0,4.14
Canha,Mark,592192,"Canha Mark",11445,OAK,1,7,1,0,3.000000,0,0,0,,,
Canha,Mark,592192,"Canha Mark",11445,OAK,1,9,3,2,18.000000,5,0,1,,,
Solis,Sammy Robert,519301,"Solis Sammy",11457,WAS,1,1,4,0,3.000000,0,0,2,,,
Wolters,Tony John,547172,"Wolters Tony",11470,COL,1,2,4,4,33.000000,,,,1,0,6.27
Machado,Dixon Javier,553988,"Machado Dixon",11472,DET,1,4,1,0,2.000000,0,0,0,,,
Herrera,David,546318,"Herrera Odubel",11476,PHI,1,8,6,6,52.000000,11,0,5,,,
Yelich,Christian S.,592885,"Yelich Christian",11477,MIA,1,8,6,6,52.000000,13,0,4,,,
Mitchell,Bryan Bedford,571951,"Mitchell Bryan",11479,NYA,1,1,2,0,2.000000,0,0,2,,,
Ray,Robbie Glenn,592662,"Ray Robbie",11486,ARI,1,1,1,1,5.200000,0,0,0,,,
Rodriguez,Joely,570257,"Rodriguez Joely",11487,PHI,1,1,2,0,2.100000,0,0,1,,,
Sanchez,Aaron Jacob,592717,"Sanchez Aaron",11490,TOR,1,1,1,1,7.000000,0,0,1,,,
Machado,Manny Arturo,592518,"Machado Manny",11493,BAL,1,5,5,5,47.000000,18,5,3,,,
Harper,Bryce,547180,"Harper Bryce",11579,WAS,1,9,6,6,53.200000,8,0,3,,,
Urena,Jose Miguel,570632,"Urena Jose",11589,MIA,1,1,1,0,1.000000,,,,,,
Sanchez,Carlos Carlos,570560,"Sanchez Carlos",11602,CHA,1,4,1,1,9.000000,2,0,1,,,
Contreras,Willson Eduardo,575929,"Contreras Willson",11609,CHN,1,2,4,4,37.000000,,,,-1,0,2.92
Drury,Brandon,592273,"Drury Brandon",11615,ARI,1,4,6,6,50.100000,17,5,2,,,
Parker,Jarrett Paul,592620,"Parker Jarrett",11624,SF,1,7,4,3,21.200000,3,1,2,,,
Parker,Jarrett Paul,592620,"Parker Jarrett",11624,SF,1,9,1,1,8.000000,1,0,2,,,
Hembree,Heath Heath,592390,"Hembree Heath",11632,BOS,1,1,3,0,2.000000,,,,,,
Taillon,Jameson Lee,592791,"Taillon Jameson",11674,PIT,1,1,1,1,7.000000,0,0,2,,,
Martinez,Carlos Ernesto,593372,"Martinez Carlos",11682,STL,1,1,2,2,12.100000,0,0,2,,,
Dyson,Sam,473879,"Dyson Sam",11710,TEX,1,1,3,0,2.000000,0,0,0,,,
Harvey,Matt Edward,518774,"Harvey Matt",11713,NYN,1,1,1,1,6.200000,0,0,1,,,
Grimm,Justin Scott,518748,"Grimm Justin",11720,CHN,1,1,2,0,2.100000,0,0,0,,,
Castellanos,Nick,592206,"Castellanos Nick",11737,DET,1,5,5,5,44.000000,14,6,0,,,
Realmuto,Jacob,592663,"Realmuto J.T.",11739,MIA,1,2,5,5,43.000000,,,,0,0,3.77
Ryan,Kyle,594986,"Ryan Kyle",11753,DET,1,1,2,0,2.000000,0,0,0,,,
Syndergaard,Noah Seth,592789,"Syndergaard Noah",11762,NYN,1,1,2,2,13.000000,0,0,2,,,
Robles,Hansel Manuel,570663,"Robles Hansel",11801,NYN,1,1,3,0,2.100000,0,0,0,,,
Neris,Hector,593576,"Neris Hector",11804,PHI,1,1,3,0,3.100000,0,0,0,,,
Paxton,James,572020,"Paxton James",11828,SEA,1,1,1,1,6.000000,0,0,0,,,
Walker,Taijuan Emmanuel,592836,"Walker Taijuan",11836,ARI,1,1,1,1,6.000000,0,0,0,,,
Martin,Leonys,547982,"Martin Leonys",11846,SEA,1,8,6,6,54.100000,17,1,2,,,
Pederson,Joc,592626,"Pederson Joc",11899,LAN,1,8,6,5,41.000000,9,2,1,,,
Feliz,Michael,593140,"Feliz Michael",11903,HOU,1,1,2,0,2.200000,,,,,,
Panik,Joe Matthew,605412,"Panik Joe",11936,SF,1,4,6,5,44.100000,11,3,2,,,
Shaw,Travis,543768,"Shaw Travis",11982,MIL,1,3,1,0,4.200000,0,0,0,,,
Shaw,Travis,543768,"Shaw Travis",11982,MIL,1,5,7,7,60.100000,12,7,2,,,
Andriese,Matt Lee,542882,"Andriese Matt",12022,TB,1,1,1,1,4.000000,0,0,0,,,
Hendricks,Kyle C.,543294,"Hendricks Kyle",12049,CHN,1,1,1,1,6.000000,0,0,0,,,
Rivero,Felipe Javier,553878,"Rivero Felipe",12076,PIT,1,1,5,0,5.000000,0,0,1,,,
Kepler,Max,596146,"Kepler Max",12144,MIN,1,9,6,6,53.000000,9,0,2,,,
Ahmed,Nick Mark,605113,"Ahmed Nick",12147,ARI,1,6,3,2,19.000000,5,1,1,,,
Rosario,Eddie,592696,"Rosario Eddie",12155,MIN,1,7,5,5,44.000000,4,0,1,,,
Barnes,Austin Scott,605131,"Barnes Austin",12158,LAN,1,2,2,2,18.000000,,,,0,0,4.00
Bogaerts,Xander Jan,593428,"Bogaerts Xander",12161,BOS,1,6,2,2,21.000000,7,1,1,,,
Sano,Miguel Angel,593934,"Sano Miguel",12164,MIN,1,3,2,1,10.000000,1,0,1,,,
Sano,Miguel Angel,593934,"Sano Miguel",12164,MIN,1,5,5,5,43.000000,5,2,1,,,
Goforth,David,592341,"Goforth David",12166,MIL,1,1,1,0,1.000000,,,,,,
Franco,Maikel Antonio,596748,"Franco Maikel",12179,PHI,1,5,6,6,52.000000,11,4,1,,,
Allen,Cody,592102,"Allen Cody",12183,CLE,1,1,3,0,2.200000,0,0,0,,,
Schebler,Scott Anthony,594988,"Schebler Scott",12225,CIN,1,9,6,5,44.100000,6,0,1,,,
Stassi,Brock,595426,"Stassi Brock",12244,PHI,1,3,2,1,8.000000,1,0,1,,,
Odor,Rougned Roberto,596059,"Odor Rougned",12282,TEX,1,4,6,6,54.000000,13,3,5,,,
Barnes,Jacob Andrew,606930,"Barnes Jacob",12323,MIL,1,1,4,0,4.100000,0,0,1,,,
Peterson,Jace Ryan,607054,"Peterson Jace",12325,ATL,1,5,2,0,3.200000,0,0,0,,,
Peterson,Jace Ryan,607054,"Peterson Jace",12325,ATL,1,7,2,2,17.000000,4,0,0,,,
Motter,Taylor Davis,600301,"Motter Taylor",12399,SEA,1,3,2,0,2.000000,,,,,,
Motter,Taylor Davis,600301,"Motter Taylor",12399,SEA,1,7,1,1,8.200000,1,0,1,,,
Rua,Ryan,607387,"Rua Ryan",12409,TEX,1,3,1,1,9.000000,0,0,0,,,
Rua,Ryan,607387,"Rua Ryan",12409,TEX,1,7,3,2,20.000000,4,0,1,,,
Pillar,Kevin,607680,"Pillar Kevin",12434,TOR,1,8,6,6,54.100000,8,2,2,,,
Bandy,Jett Adam,542908,"Bandy Jett",12508,MIL,1,2,5,5,42.000000,,,,0,0,6.21
Wong,Kolten Kaha,543939,"Wong Kolten",12532,STL,1,4,5,4,39.000000,10,6,1,,,
Semien,Marcus,543760,"Semien Marcus",12533,OAK,1,6,7,7,61.000000,23,3,1,,,
Cron,C.J. John,543068,"Cron C.J.",12546,LAA,1,3,5,5,43.000000,4,0,0,,,
Suarez,Eugenio Alejandro,553993,"Suarez Eugenio",12552,CIN,1,5,6,5,45.000000,12,2,2,,,
Cingrani,Anthony Michael,571561,"Cingrani Tony",12555,CIN,1,1,2,0,2.000000,0,0,1,,,
Story,Trevor John,596115,"Story Trevor",12564,COL,1,6,7,7,62.000000,14,4,1,,,
Treinen,Blake M.,595014,"Treinen Blake",12572,WAS,1,1,4,0,3.100000,0,0,0,,,
Morgan,Adam,605388,"Morgan Adam",12580,PHI,1,1,1,0,2.100000,0,0,0,,,
Karns,Nathan Alan,501992,"Karns Nathan",12638,KC,1,1,2,1,6.100000,0,0,2,,,
Eickhoff,Jerad,595191,"Eickhoff Jerad",12664,PHI,1,1,1,1,6.200000,0,0,1,,,
Wilson,Philip Tyler,592869,"Wilson Tyler",12691,BAL,1,1,2,0,2.100000,0,0,0,,,
Bauer,Trevor,545333,"Bauer Trevor",12703,CLE,1,1,1,1,5.200000,0,0,0,,,
Collins,Tyler James,607385,"Collins Tyler",12723,DET,1,7,1,0,3.000000,0,0,0,,,
Collins,Tyler James,607385,"Collins Tyler",12723,DET,1,9,3,3,25.000000,7,2,1,,,
Montero,Rafael,606160,"Montero Rafael",12760,NYN,1,1,3,0,4.200000,0,0,1,,,
Devenski,Christopher Michael,606965,"Devenski Chris",12763,HOU,1,1,2,0,8.000000,0,0,0,,,
Miller,Bradley,543543,"Miller Brad",12775,TB,1,4,7,7,65.000000,11,1,5,,,
Alcantara,Raul,593417,"Alcantara Raul",12790,OAK,1,1,1,1,2.000000,0,0,0,,,
Ramirez,Noe,598287,"Ramirez Noe",12800,BOS,1,1,1,0,1.200000,,,,,,
Springer,George,543807,"Springer George",12856,HOU,1,8,5,4,36.000000,4,0,3,,,
Springer,George,543807,"Springer George",12856,HOU,1,9,6,3,34.000000,7,1,3,,,
Armstrong,Shawn Michael,542888,"Armstrong Shawn",12857,CLE,1,1,3,0,3.000000,0,0,0,,,
McCann,James Thomas,543510,"McCann James",12859,DET,1,2,4,4,35.000000,,,,-1,0,5.14
Rendon,Anthony Michael,543685,"Rendon Anthony",12861,WAS,1,5,5,5,44.200000,7,2,0,,,
Barnes,Matt,598264,"Barnes Matt",12863,BOS,1,1,3,0,3.200000,0,0,0,,,
Anderson,Tyler John,542881,"Anderson Tyler",12880,COL,1,1,2,2,10.200000,0,0,0,,,
Claudio,Alexander,592222,"Claudio Alex",12890,TEX,1,1,3,0,4.100000,0,0,0,,,
Polanco,Gregory,570256,"Polanco Gregory",12907,PIT,1,7,4,4,39.100000,6,1,4,,,
Giles,Kenneth Robert,571704,"Giles Ken",12910,HOU,1,1,3,0,3.000000,0,0,0,,,
Lindor,Francisco,596019,"Lindor Francisco",12916,CLE,1,6,6,6,51.000000,16,4,2,,,
Bundy,Dylan Matthew,605164,"Bundy Dylan",12917,BAL,1,1,1,1,7.000000,0,0,0,,,
Bradley,Archie,605151,"Bradley Archie",12918,ARI,1,1,2,0,5.100000,0,0,1,,,
Hanson,Alen Rery,593700,"Hanson Alen",12926,PIT,1,4,1,0,1.000000,0,0,0,,,
Selsky,Steve Garth,592731,"Selsky Steve",12957,BOS,1,8,1,1,7.000000,1,0,1,,,
Musgrove,Joe Anthony,605397,"Musgrove Joe",12970,HOU,1,1,1,1,5.000000,0,0,2,,,
Hedges,Austin,595978,"Hedges Austin",12976,SD,1,2,6,6,50.000000,,,,0,0,4.50
Baez,Javier Javier,595879,"Baez Javier",12979,CHN,1,4,6,4,36.100000,16,6,4,,,
Bradley Jr.,Jackie,598265,"Bradley Jr. Jackie",12984,BOS,1,8,4,4,37.000000,11,0,8,,,
Chafin,Andrew Gregory,605177,"Chafin Andrew",12988,ARI,1,1,4,0,2.000000,0,0,0,,,
Scott,Robby John,582494,"Scott Robby",13042,BOS,1,1,3,0,0.200000,0,0,0,,,
Iwakuma,Hisashi,547874,"Iwakuma Hisashi",13048,SEA,1,1,2,2,12.000000,0,0,1,,,
Chen,Wei-Yin,612672,"Chen Wei-Yin",13071,MIA,1,1,1,1,6.000000,0,0,1,,,
Darvish,Yu,506433,"Darvish Yu",13074,TEX,1,1,2,2,12.100000,0,0,1,,,
Aoki,Nori,493114,"Aoki Nori",13075,HOU,1,7,5,4,38.000000,3,1,2,,,
Cespedes,Yoenis,493316,"Cespedes Yoenis",13110,NYN,1,7,6,6,57.000000,10,1,4,,,
Jungmann,Taylor Heath,543380,"Jungmann Taylor",13119,MIL,1,1,1,0,0.200000,0,0,0,,,
Cole,Gerrit Alan,543037,"Cole Gerrit",13125,PIT,1,1,2,2,11.000000,0,0,2,,,
Mahtook,Mikie,543484,"Mahtook Mikie",13130,DET,1,7,1,0,2.000000,,,,,,
Mahtook,Mikie,543484,"Mahtook Mikie",13130,DET,1,9,3,2,19.000000,3,0,0,,,
Law,Derek Robert,571882,"Law Derek",13133,SF,1,1,4,0,3.100000,0,0,0,,,
Bell,Josh Evan,605137,"Bell Josh",13145,PIT,1,3,4,4,30.000000,2,0,0,,,
Polanco,Jorge Luis,593871,"Polanco Jorge",13152,MIN,1,6,5,5,44.000000,11,3,5,,,
Sardinas,Luis Alexander,596143,"Sardinas Luis",13153,SD,1,4,1,0,1.000000,,,,,,
Sardinas,Luis Alexander,596143,"Sardinas Luis",13153,SD,1,5,1,1,9.000000,2,0,0,,,
Sardinas,Luis Alexander,596143,"Sardinas Luis",13153,SD,1,6,1,0,3.000000,1,1,0,,,
Hernandez,Marco Antonio,593523,"Hernandez Marco",13154,BOS,1,6,3,3,25.000000,5,1,1,,,
Rodriguez,Eduardo Jose,593958,"Rodriguez Eduardo",13164,BOS,1,1,1,1,5.000000,0,0,0,,,
Davies,Zachary Ryan,605200,"Davies Zach",13183,MIL,1,1,2,2,9.100000,0,0,1,,,
Arcia,Orlando,606115,"Arcia Orlando",13185,MIL,1,6,5,5,42.000000,14,2,7,,,
Mejia,Adalberto,606167,"Mejia Adalberto",13188,MIN,1,1,1,1,1.200000,0,0,0,,,
Biagini,Joseph,607352,"Biagini Joseph",13194,TOR,1,1,3,0,5.100000,0,0,2,,,
Fulmer,Michael Joseph,605242,"Fulmer Michael",13218,DET,1,1,1,1,6.000000,0,0,0,,,
Zunino,Mike Accorsi,572287,"Zunino Mike",13265,SEA,1,2,6,5,45.200000,,,,0,0,3.94
Stripling,Ross Ross,548389,"Stripling Ross",13273,LAN,1,1,2,0,3.100000,0,0,0,,,
Rickard,Joey Mark,572073,"Rickard Joey",13277,BAL,1,7,4,1,18.000000,2,1,1,,,
Hahn,Jesse Allen,534910,"Hahn Jesse",13287,OAK,1,1,1,0,6.000000,0,0,1,,,
Coulombe,Daniel Paul,543056,"Coulombe Daniel",13293,OAK,1,1,2,0,3.000000,0,0,0,,,
Pazos,James Manuel,572021,"Pazos James",13323,SEA,1,1,4,0,4.200000,0,0,0,,,
Lamb,Jacob Ryan,571875,"Lamb Jake",13329,ARI,1,5,7,7,63.000000,7,3,1,,,
Narvaez,Omar David,553882,"Narvaez Omar",13338,CHA,1,2,2,2,16.000000,,,,0,0,4.50
Naquin,Tyler Wesley,571980,"Naquin Tyler",13359,CLE,1,8,5,3,28.100000,1,0,3,,,
Bedrosian,Cam Rock,592135,"Bedrosian Cam",13360,LAA,1,1,2,0,2.200000,0,0,0,,,
Piscotty,Stephen,572039,"Piscotty Stephen",13367,STL,1,9,4,3,26.200000,10,2,2,,,
Toles,Alvin Andrew,592808,"Toles Andrew",13414,LAN,1,7,4,4,27.000000,3,0,3,,,
Toles,Alvin Andrew,592808,"Toles Andrew",13414,LAN,1,8,3,0,5.000000,1,0,0,,,
Stroman,Marcus,573186,"Stroman Marcus",13431,TOR,1,1,1,1,6.100000,0,0,2,,,
Morin,Michael William,573046,"Morin Mike",13442,LAA,1,1,1,0,2.200000,,,,,,
Rogers,Taylor Allen,573124,"Rogers Taylor",13449,MIN,1,1,3,0,2.000000,0,0,0,,,
Norris,Daniel David,596057,"Norris Daniel",13475,DET,1,1,1,1,6.100000,0,0,0,,,
Tuivailala,Samuel,592815,"Tuivailala Samuel",13485,STL,1,1,3,0,3.000000,0,0,0,,,
Ramirez,Jose,608070,"Ramirez Jose",13510,CLE,1,4,6,6,51.000000,7,2,0,,,
Bowman,Matthew Chou,621199,"Bowman Matt",13528,STL,1,1,3,0,2.200000,0,0,1,,,
Triggs,Andrew Austin,592811,"Triggs Andrew",13533,OAK,1,1,1,1,5.200000,0,0,0,,,
Snell,Blake,605483,"Snell Blake",13543,TB,1,1,1,1,6.200000,0,0,1,,,
Haley,Justin,595234,"Haley Justin",13572,MIN,1,1,2,0,4.200000,0,0,0,,,
Peraza,Jose Francisco,606299,"Peraza Jose",13593,CIN,1,4,5,5,41.000000,12,0,1,,,
Peraza,Jose Francisco,606299,"Peraza Jose",13593,CIN,1,6,1,0,2.000000,2,0,0,,,
Stephenson,Robert William,596112,"Stephenson Robert",13594,CIN,1,1,1,0,1.200000,0,0,0,,,
Edwards Jr.,Carl Fleming,605218,"Edwards Jr. Carl",13607,CHN,1,1,3,0,2.200000,,,,,,
Smith,Mallex Lydell,605480,"Smith Mallex",13608,TB,1,7,5,5,47.000000,2,0,5,,,
Betts,Markus Lynn,605141,"Betts Mookie",13611,BOS,1,9,2,2,18.000000,1,0,1,,,
Seager,Corey Drew,608369,"Seager Corey",13624,LAN,1,6,7,6,53.000000,9,3,8,,,
Cotton,Jharel Leandre,605194,"Cotton Jharel",13654,OAK,1,1,1,1,4.100000,0,0,0,,,
Gsellman,Robert John,607229,"Gsellman Robert",13696,NYN,1,1,2,1,6.000000,0,0,1,,,
Barraclough,Kyle David,607457,"Barraclough Kyle",13713,MIA,1,1,3,0,3.000000,0,0,0,,,
Duffey,Tyler Blinn,608648,"Duffey Tyler",13758,MIN,1,1,2,0,3.000000,0,0,0,,,
Leone,Dominic Joseph,608678,"Leone Dominic",13763,TOR,1,1,1,0,2.200000,,,,,,
Jankowski,Travis Paul,608671,"Jankowski Travis",13768,SD,1,7,7,6,52.000000,12,2,1,,,
Mondesi,Adalberto Adalberto,609275,"Mondesi Raul",13769,KC,1,4,6,5,46.000000,12,6,2,,,
Garcia,Adonis,611177,"Garcia Adonis",13777,ATL,1,5,6,6,49.100000,14,4,1,,,
Wood,Alex Alexander,622072,"Wood Alex",13781,LAN,1,1,1,0,2.000000,,,,,,
Strahm,Matt Scott,621381,"Strahm Matt",13799,KC,1,1,3,0,1.100000,0,0,0,,,
Travis,Devon Anthony,581527,"Travis Devon",13862,TOR,1,4,5,5,45.100000,10,2,0,,,
Sewald,Paul Stanton,623149,"Sewald Paul",13892,NYN,1,1,1,0,0.100000,0,0,0,,,
Kivlehan,Pat Anthony,623182,"Kivlehan Patrick",13910,CIN,1,3,1,0,2.100000,1,0,1,,,
Kivlehan,Pat Anthony,623182,"Kivlehan Patrick",13910,CIN,1,9,2,1,8.200000,0,0,0,,,
Oberg,Scott Michael,623184,"Oberg Scott",13911,COL,1,1,3,0,3.000000,0,0,0,,,
Suter,Brent,608718,"Suter Brent",13942,MIL,1,1,3,0,3.100000,0,0,2,,,
Dull,Ryan Christopher,623430,"Dull Ryan",13974,OAK,1,1,2,0,2.000000,0,0,0,,,
Hauschild,Michael,623434,"Hauschild Mike",14033,TEX,1,1,1,0,1.000000,0,0,0,,,
Wacha,Michael,608379,"Wacha Michael",14078,STL,1,1,1,1,6.000000,0,0,1,,,
Ynoa,Michael Jose,573589,"Ynoa Michael",14093,CHA,1,1,2,0,3.000000,0,0,1,,,
Russell,Addison,608365,"Russell Addison",14106,CHN,1,6,6,6,55.000000,10,0,2,,,
Gausman,Kevin John,592332,"Gausman Kevin",14107,BAL,1,1,2,2,10.000000,0,0,2,,,
Almora,Albert,546991,"Almora Albert",14109,CHN,1,7,1,0,0.100000,,,,,,
Almora,Albert,546991,"Almora Albert",14109,CHN,1,8,2,2,18.000000,3,0,2,,,
McCullers,Lance,621121,"McCullers Lance",14120,HOU,1,1,2,2,13.000000,0,0,1,,,
Gallo,Joey Nicholas,608336,"Gallo Joey",14128,TEX,1,5,6,6,54.000000,8,3,1,,,
Bird,Gregory Paul,595885,"Bird Gregory",14131,NYA,1,3,4,4,33.000000,7,3,0,,,
Robertson,Daniel Ray,621002,"Robertson Daniel",14145,TB,1,6,2,1,10.000000,5,0,2,,,
Buxton,Byron Keion,621439,"Buxton Byron",14161,MIN,1,8,6,6,53.000000,17,0,6,,,
Correa,Carlos Javier,621043,"Correa Carlos",14162,HOU,1,6,7,7,70.000000,12,2,4,,,
Puig,Yasiel,624577,"Puig Yasiel",14225,LAN,1,9,7,7,61.000000,8,1,4,,,
Alvarez,Dario Rafael,516714,"Alvarez Dario",14239,TEX,1,1,2,0,1.000000,0,0,0,,,
Haniger,Mitch,571745,"Haniger Mitch",14274,SEA,1,9,7,7,62.100000,13,0,2,,,
Peralta,Wandy Luis,593974,"Peralta Wandy",14295,CIN,1,1,2,0,2.100000,,,,,,
Montas,Francelis,593423,"Montas Frankie",14309,OAK,1,1,2,0,4.100000,0,0,1,,,
Difo,Wilmer Francisco,594694,"Difo Wilmer",14320,WAS,1,6,1,1,8.000000,3,1,0,,,
Blach,Ty Michael,621389,"Blach Ty",14361,SF,1,1,2,0,1.200000,0,0,1,,,
Garrett,Amir,607237,"Garrett Amir",14375,CIN,1,1,1,1,6.000000,0,0,0,,,
Ryu,Hyun-Jin,547943,"Ryu Hyun-Jin",14444,LAN,1,1,1,1,4.200000,0,0,0,,,
Conley,Adam,543045,"Conley Adam",14457,MIA,1,1,1,1,5.000000,,,,,,
Leclerc,Jose Ramon,600917,"Leclerc Jose",14524,TEX,1,1,3,0,3.200000,0,0,0,,,
Estevez,Carlos Samuel,608032,"Estevez Carlos",14542,COL,1,1,4,0,3.100000,0,0,0,,,
Mazara,Nomar Shamir,608577,"Mazara Nomar",14553,TEX,1,7,1,1,7.000000,2,0,1,,,
Mazara,Nomar Shamir,608577,"Mazara Nomar",14553,TEX,1,9,6,5,47.000000,13,1,1,,,
Gustave,Jandel Francisco,594311,"Gustave Jandel",14665,HOU,1,1,2,0,1.200000,0,0,0,,,
Perdomo,Luis David,606131,"Perdomo Luis",14682,SD,1,1,1,1,5.100000,0,0,2,,,
Diaz,Edwin Orlando,621242,"Diaz Edwin",14710,SEA,1,1,3,0,3.200000,0,0,0,,,
Margot,Manuel,622534,"Margot Manuel",14712,SD,1,8,7,7,60.000000,15,1,2,,,
Astin,Barrett,592120,"Astin Barrett",14812,CIN,1,1,1,0,0.100000,,,,,,
Jones,JaCoby Mylon,592444,"Jones JaCoby",14818,DET,1,8,4,4,35.000000,7,0,7,,,
Lorenzen,Michael Clifton,547179,"Lorenzen Michael",14843,CIN,1,1,3,0,3.000000,0,0,0,,,
May,Jacob Alexander,594576,"May Jacob",14876,CHA,1,8,5,4,38.000000,6,0,4,,,
Gray,Jonathan Charles,592351,"Gray Jon",14916,COL,1,1,2,2,9.100000,0,0,1,,,
Knapp,Andrew,595284,"Knapp Andrew",14942,PHI,1,2,2,2,17.000000,,,,0,0,5.29
Torres,Jose Marcos,600526,"Torres Jose",14957,SD,1,1,4,0,4.100000,0,0,0,,,
Davis,William Theron,606959,"Davis Rookie",14962,CIN,1,1,1,1,3.000000,0,0,0,,,
Kuhl,Chad Michael,641771,"Kuhl Chad",14975,PIT,1,1,1,1,5.000000,0,0,0,,,
Knebel,Corey Andrew,608349,"Knebel Corey",15010,MIL,1,1,4,0,3.200000,0,0,1,,,
De Jong,Chase Louis,608328,"De Jong Chase",15036,SEA,1,1,1,0,0.200000,0,0,1,,,
Mancini,Trey Anthony,641820,"Mancini Trey",15149,BAL,1,9,1,1,7.000000,2,0,0,,,
Anderson,Tim,641313,"Anderson Tim",15172,CHA,1,6,5,5,45.000000,5,0,4,,,
Turner,Stuart Stuart,642156,"Turner Stuart",15207,CIN,1,2,2,2,18.000000,,,,0,0,2.00
Frazier,Adam Timothy,624428,"Frazier Adam",15223,PIT,1,4,2,1,11.000000,8,1,0,,,
Frazier,Adam Timothy,624428,"Frazier Adam",15223,PIT,1,5,1,1,8.000000,4,1,1,,,
Frazier,Adam Timothy,624428,"Frazier Adam",15223,PIT,1,7,1,1,8.000000,2,1,3,,,
Reed,Cody,642003,"Reed Cody",15232,CIN,1,1,1,0,2.000000,,,,,,
Pruitt,Austin Daniel,643493,"Pruitt Austin",15290,TB,1,1,3,0,1.200000,0,0,0,,,
Hart,Donnie Scott,643354,"Hart Donnie",15306,BAL,1,1,2,0,1.000000,0,0,0,,,
Bryant,Kris,592178,"Bryant Kris",15429,CHN,1,5,6,6,55.000000,10,0,4,,,
Boyd,Matt,571510,"Boyd Matt",15440,DET,1,1,1,1,2.100000,0,0,0,,,
Healy,Ryon Cristopher,592387,"Healy Ryon",15447,OAK,1,3,2,2,14.000000,3,1,1,,,
Healy,Ryon Cristopher,592387,"Healy Ryon",15447,OAK,1,5,2,2,18.000000,6,0,1,,,
Renfroe,Hunter Hunter,592669,"Renfroe Hunter",15464,SD,1,9,7,7,60.000000,13,0,1,,,
Senzatela,Antonio,622608,"Senzatela Antonio",15488,COL,1,1,1,1,5.000000,0,0,0,,,
Graveman,Kendall,608665,"Graveman Kendall",15514,OAK,1,1,2,2,13.000000,0,0,2,,,
Wittgren,Nick James,621295,"Wittgren Nick",15594,MIA,1,1,2,0,3.200000,0,0,0,,,
Overton,Dillon Ray,592614,"Overton Dillon",15627,SEA,1,1,1,0,1.000000,0,0,0,,,
Judge,Aaron James,592450,"Judge Aaron",15640,NYA,1,9,5,5,42.000000,7,1,3,,,
Abreu,Jose Dariel,547989,"Abreu Jose",15676,CHA,1,3,5,5,45.000000,9,3,0,,,
Cordoba,Allen Octavio,642707,"Cordoba Allen",15722,SD,1,6,2,1,8.000000,2,0,0,,,
Tanaka,Masahiro,547888,"Tanaka Masahiro",15764,NYA,1,1,2,2,7.200000,0,0,1,,,
Manaea,Sean,640455,"Manaea Sean",15873,OAK,1,1,2,2,11.100000,0,0,0,,,
Severino,Luis,622663,"Severino Luis",15890,NYA,1,1,1,1,5.000000,0,0,1,,,
Torrens,Luis Alfonso,620443,"Torrens Luis",15905,SD,1,2,2,0,3.200000,,,,0,0,4.91
Diaz,Aledmys,649557,"Diaz Aledmys",15937,STL,1,6,6,6,54.000000,5,0,0,,,
Ramos,Edubray Eduar,591693,"Ramos Edubray",16086,PHI,1,1,3,0,3.200000,0,0,1,,,
Nola,Aaron Michael,605400,"Nola Aaron",16149,PHI,1,1,1,1,6.000000,0,0,0,,,
Finnegan,Brandon,605232,"Finnegan Brandon",16208,CIN,1,1,1,1,7.000000,0,0,0,,,
Turner,Trea Vance,607208,"Turner Trea",16252,WAS,1,6,4,4,37.000000,15,4,5,,,
Freeland,Kyle,607536,"Freeland Kyle",16256,COL,1,1,1,1,6.000000,0,0,1,,,
Conforto,Michael Thomas,624424,"Conforto Michael",16376,NYN,1,8,1,1,9.000000,1,0,0,,,
Schwarber,Kyle Joseph,656941,"Schwarber Kyle",16478,CHN,1,3,1,0,0.000000,,,,,,
Schwarber,Kyle Joseph,656941,"Schwarber Kyle",16478,CHN,1,7,6,6,50.000000,9,1,4,,,
Altavilla,Dan,656186,"Altavilla Dan",16507,SEA,1,1,4,0,3.000000,0,0,0,,,
Diaz,Yandy,650490,"Diaz Yandy",16578,CLE,1,5,6,6,48.000000,11,4,1,,,
Holder,Jonathan,656547,"Holder Jonathan",16588,NYA,1,1,4,0,3.000000,0,0,0,,,
Williams,Trevor Anthony,592866,"Williams Trevor",16977,PIT,1,1,1,0,2.000000,0,0,0,,,
Iglesias,Raisel,628452,"Iglesias Raisel",17130,CIN,1,1,3,0,4.000000,0,0,0,,,
Tomas,Yasmany,630111,"Tomas Yasmany",17171,ARI,1,7,5,5,42.000000,7,0,1,,,
Miranda,Ariel,664641,"Miranda Ariel",17526,SEA,1,1,1,1,5.000000,0,0,0,,,
Bregman,Alex David,608324,"Bregman Alex",17678,HOU,1,5,6,6,61.000000,15,4,1,,,
Glover,Koda James,606983,"Glover Koda",17695,WAS,1,1,3,0,2.200000,0,0,0,,,
Benintendi,Andrew,643217,"Benintendi Andrew",17901,BOS,1,7,5,5,44.000000,6,1,2,,,
Benintendi,Andrew,643217,"Benintendi Andrew",17901,BOS,1,8,1,0,2.000000,0,0,0,,,
Taylor,Ben,664701,"Taylor Ben",18114,BOS,1,1,2,0,1.200000,,,,,,
Swanson,Dansby Dansby,621020,"Swanson Dansby",18314,ATL,1,6,6,6,53.000000,15,5,4,,,
Maeda,Kenta,628317,"Maeda Kenta",18498,LAN,1,1,2,2,10.000000,0,0,0,,,
Kim,Hyun Soo,547957,"Kim Hyun Soo",18718,BAL,1,7,3,3,20.000000,4,0,1,,,
Oh,Seung Hwan,493200,"Oh Seung Hwan",18719,STL,1,1,2,0,2.200000,0,0,0,,,
Heredia,Guillermo,628338,"Heredia Guillermo",18721,SEA,1,7,1,1,8.000000,1,1,0,,,
Diaz,Miguel,622766,"Diaz Miguel",18815,SD,1,1,3,0,2.100000,,,,,,
Gurriel,Yulieski,493329,"Gurriel Yulieski",19198,HOU,1,3,6,5,49.000000,15,0,1,,,
Granite,Zach Thomas,643335,"Granite Zach",15343,MIN,,,0,,,,,,,,
Wilson,Kenneth,543932,"Wilson Kenny",6807,MIA,,,0,,,,,,,,
Valera,Breyvic Jose,591971,"Valera Breyvic",12758,STL,,,0,,,,,,,,
Nessy,Santiago Alejandro,574888,"Nessy Santiago",13090,NYA,,,0,,,,,,,,
Kelly,Dalton,665138,"Kelly Dalton",18709,TB,,,0,,,,,,,,
German,Domingo,593334,"German Domingo",17149,NYA,,,0,,,,,,,,
Leonard,Patrick Thomas,596018,"Leonard Patrick",13591,TB,,,0,,,,,,,,
Sappington,Mark Joseph,621212,"Sappington Mark",13783,TB,,,0,,,,,,,,
Dykstra,James Andrew,571638,"Dykstra James",14842,TEX,,,0,,,,,,,,
Evans,Zane Christopher,641558,"Evans Zane",15088,KC,,,0,,,,,,,,
Swanner,William Thomas,592787,"Swanner Will",11390,COL,,,0,,,,,,,,
Davidson,Braxton Cain Thomas,656352,"Davidson Braxton",16940,ATL,,,0,,,,,,,,
Jimenez,Joe Alexander,641729,"Jimenez Joe",15761,DET,,,0,,,,,,,,
Paulino,Carlos Angenis,544827,"Paulino Carlos",9618,MIN,,,0,,,,,,,,
Alcantara,Victor Alfonso,622505,"Alcantara Victor",15028,DET,,,0,,,,,,,,
Ramirez,Harold Andres,623912,"Ramirez Harold",14387,TOR,,,0,,,,,,,,
Blackburn,Paul,621112,"Blackburn Paul",14739,OAK,,,0,,,,,,,,
McGowin,Kyle Keston,641851,"McGowin Kyle",15071,WAS,,,0,,,,,,,,
McCarvel,Ryan Allen,641840,"McCarvel Ryan Allen",17776,STL,,,0,,,,,,,,
Martinson,Jason Robert,592535,"Martinson Jason",10829,WAS,,,0,,,,,,,,
Johnson,Sherman Lee,582473,"Johnson Sherman",13906,LAA,,,0,,,,,,,,
DePew,Jake,592259,"DePew Jake",12134,TB,,,0,,,,,,,,
Stanek,Ryne Thomas,592773,"Stanek Ryne",15947,TB,,,0,,,,,,,,
Lee,Nicholas,595297,"Lee Nick",13571,WAS,,,0,,,,,,,,
Miller,Brian Adam,657686,"Miller Brian",16880,TB,,,0,,,,,,,,
Gregorio,Joan,593340,"Gregorio Joan",13534,SF,,,0,,,,,,,,
Nola,Austin Kyle,543592,"Nola Austin",15941,MIA,,,0,,,,,,,,
Arroyo,Carlos Adrian,642435,"Arroyo Carlos",16027,TEX,,,0,,,,,,,,
Vieira,Thyago,600986,"Vieira Thyago",14510,SEA,,,0,,,,,,,,
Stuart,Champ Harvin,642117,"Stuart Champ",15177,NYN,,,0,,,,,,,,
Chapman,Matt James,656305,"Chapman Matt",16505,OAK,,,0,,,,,,,,
Bradford,Chasen David,607473,"Bradford Chase",12452,NYN,,,0,,,,,,,,
Goldberg,Bradley Andrew,643329,"Goldberg Brad",14776,CHA,,,0,,,,,,,,
Ramirez,Yefrey,606162,"Ramirez Yefrey",15655,NYA,,,0,,,,,,,,
Caratini,Victor Manuel,605170,"Caratini Victor",14968,CHN,,,0,,,,,,,,
McGuire,Deck Deck,592547,"McGuire Deck",11596,CIN,,,0,,,,,,,,
Davis,J.D. Gregory,605204,"Davis J.D.",16219,HOU,,,0,,,,,,,,
Basabe,Luis Alexander Alexander,642772,"Basabe Luis",17839,CHA,,,0,,,,,,,,
Seymour,Anfernee,656950,"Seymour Anfernee",18858,ATL,,,0,,,,,,,,
Reynolds,Daniel Christopher,572066,"Reynolds Danny",10746,LAA,,,0,,,,,,,,
Bernard,Wynton Allen,592144,"Bernard Wynton",13408,DET,,,0,,,,,,,,
Bass,Corey Lamar,643212,"Bass Corey Lamar",15323,MIA,,,0,,,,,,,,
Mella,Keury,622492,"Mella Keury",15964,CIN,,,0,,,,,,,,
Flemer,Matthew Austin,607343,"Flemer Matt",13697,COL,,,0,,,,,,,,
Poncedeleon,Daniel Robert,594965,"Poncedeleon Daniel",16110,STL,,,0,,,,,,,,
Newcomb,Sean William,656794,"Newcomb Sean",16943,ATL,,,0,,,,,,,,
Field,Johnny David,608654,"Field Johnny",15048,TB,,,0,,,,,,,,
Nottingham,Jacob Andrew,641924,"Nottingham Jacob",16448,MIL,,,0,,,,,,,,
Perez,Angel Apolinar,642471,"Perez Angel",17467,TB,,,0,,,,,,,,
Rodriguez,Jonathan,572088,"Rodriguez Jonathan",9993,STL,,,0,,,,,,,,
Almonte,Yency,622075,"Almonte Yency",15068,COL,,,0,,,,,,,,
Wood,Hunter Blake,621056,"Wood Hunter",15091,TB,,,0,,,,,,,,
Tate,Dillon Michael,622253,"Tate Dillon",17796,NYA,,,0,,,,,,,,
Blackburn,Clayton,607185,"Blackburn Clayton",13196,SF,,,0,,,,,,,,
Mesa,Narciso Bienvenido,593823,"Mesa Narciso",13219,LAN,,,0,,,,,,,,
Duncan,Frank Ekquist,641538,"Duncan Frank",16465,ARI,,,0,,,,,,,,
Nina,Aroni Jose,542664,"Nina Aroni",5994,KC,,,0,,,,,,,,
Dean,Matt Christopher,605205,"Dean Matt",13488,TOR,,,0,,,,,,,,
Molina,Marcos Eiffer,622506,"Molina Marcos",16322,NYN,,,0,,,,,,,,
Woodward,Trent James,657139,"Woodward Trent",16677,HOU,,,0,,,,,,,,
Basabe,Luis Alejandro,642773,"Basabe Luis Alejandro",18835,ARI,,,0,,,,,,,,
McGee,Stephen James,643440,"McGee Stephen",15738,LAA,,,0,,,,,,,,
Taveras,German Luis,608115,"Taveras German",16236,BOS,,,0,,,,,,,,
Casteel,Ryan Alexander,592205,"Casteel Ryan",10869,SEA,,,0,,,,,,,,
Franco,JJ James,595210,"Franco JJ James",17241,CHA,,,0,,,,,,,,
Odom,Joseph Caleb,641929,"Odom Joseph",15535,ATL,,,0,,,,,,,,
Garcia,Silfredo Abraham,591688,"Garcia Silfredo",13520,STL,,,0,,,,,,,,
Bartsch,Kyle,641339,"Bartsch Kyle",15180,KC,,,0,,,,,,,,
Riddle,J.T. Travis,595375,"Riddle J.T.",17642,MIA,,,0,,,,,,,,
Williams,Nick Nicholas,608384,"Williams Nick",14330,PHI,,,0,,,,,,,,
Castillo,Diego,650895,"Castillo Diego",17496,TB,,,0,,,,,,,,
Wass,Wade Thomas,621528,"Wass Wade",16345,LAA,,,0,,,,,,,,
Garcia,Willy Camilo,591994,"Garcia Willy",12956,CHA,,,0,,,,,,,,
Diaz,Victor,661413,"Diaz Victor",18870,CHA,,,0,,,,,,,,
Meneses,Heiker Albert,542344,"Meneses Heiker",11831,MIN,,,0,,,,,,,,
Jemiola,Zach Michel,621106,"Jemiola Zach",13746,COL,,,0,,,,,,,,
Covey,Dylan Charles,592229,"Covey Dylan",14825,CHA,,,0,,,,,,,,
Marmolejos,Jose Ramon,592530,"Marmolejos Jose",15767,WAS,,,0,,,,,,,,
Rosario,Amed Amed,642708,"Rosario Amed",15518,NYN,,,0,,,,,,,,
Kleven,Colin,571857,"Kleven Colin",12558,CHA,,,0,,,,,,,,
Alvarez,Eliezer,608421,"Alvarez Eliezer",17015,STL,,,0,,,,,,,,
Jones,Zach James,572958,"Jones Zach",13434,MIN,,,0,,,,,,,,
Enns,Dietrich,608650,"Enns Dietrich",13932,NYA,,,0,,,,,,,,
Pfeifer,Philip James,547177,"Pfeifer Philip",18303,ATL,,,0,,,,,,,,
Gonzalez,Alfredo Rene,554054,"Gonzalez Alfredo",14267,CHA,,,0,,,,,,,,
Sparkman,Glenn Michael,642098,"Sparkman Glenn",15200,TOR,,,0,,,,,,,,
Coonrod,Samuel,656322,"Coonrod Sam",17264,SF,,,0,,,,,,,,
Hawkins,Courtney James,621445,"Hawkins Courtney",13494,CHA,,,0,,,,,,,,
Urena,Richard,620446,"Urena Richard",16411,TOR,,,0,,,,,,,,
Gomez,Miguel Angel,622497,"Gomez Miguel",17075,SF,,,0,,,,,,,,
Arroyo,Christian Israel,624414,"Arroyo Christian",16434,SF,,,0,,,,,,,,
Fowler,Dustin Ryan,641583,"Fowler Dustin",17098,NYA,,,0,,,,,,,,
De La Cruz,Maikis,606120,"De La Cruz Maikis",13640,NYN,,,0,,,,,,,,
Martin,Josh,607294,"Martin Josh",13703,CLE,,,0,,,,,,,,
Moll,Sam John,594580,"Moll Sam",14874,COL,,,0,,,,,,,,
Mitchell,James Alexander,654786,"Mitchell James",17971,TB,,,0,,,,,,,,
Tago,Peter Clem,547185,"Tago Peter",11433,CHA,,,0,,,,,,,,
Webb,Tyler Tyler,643778,"Webb Tyler",14974,NYA,,,0,,,,,,,,
O'Dowd,Chris Kelley,573069,"O'Dowd Chris",13454,CHA,,,0,,,,,,,,
Avila,Pedro,658648,"Avila Pedro",18864,SD,,,0,,,,,,,,
Lara,Braulio Armando,542316,"Lara Braulio",9026,SF,,,0,,,,,,,,
Buckel,Cody J.,547182,"Buckel Cody",11751,LAA,,,0,,,,,,,,
Fried,Max Dorian,608331,"Fried Max Dorian",13743,ATL,,,0,,,,,,,,
Cuevas,Noel,571595,"Cuevas Noel",11894,COL,,,0,,,,,,,,
Smith,Gage Gage,657763,"Smith Gage",16849,MIL,,,0,,,,,,,,
Lopez,Yoan,661255,"Lopez Yoan",17181,ARI,,,0,,,,,,,,
Ross,Ty Matthew,592698,"Ross Ty",15452,SF,,,0,,,,,,,,
Markel,Parker Michael,571917,"Markel Parker",12106,TB,,,0,,,,,,,,
Yarbrough,Alex Wyatt,608730,"Yarbrough Alex",13766,LAA,,,0,,,,,,,,
Berti,Jonathon David,542932,"Berti Jon",12037,TOR,,,0,,,,,,,,
DeLoach,Tyler Clay,621413,"DeLoach Tyler",13786,LAA,,,0,,,,,,,,
Pizzano,Dario,623188,"Pizzano Dario",13915,SEA,,,0,,,,,,,,
Moroff,Max Anthony,621559,"Moroff Max",14556,PIT,,,0,,,,,,,,
Wallach,Chad Arthur,595453,"Wallach Chad",17161,CIN,,,0,,,,,,,,
Powell,Boog Mack,621471,"Powell Boog",15103,SEA,,,0,,,,,,,,
Hannemann,Jacob Howard,595238,"Hannemann Jacob",15644,CHN,,,0,,,,,,,,
Crick,Kyle Daniel,605195,"Crick Kyle",13182,SF,,,0,,,,,,,,
Ngoepe,Gift Gift,547912,"Ngoepe Gift",10340,PIT,,,0,,,,,,,,
Mader,Michael,641814,"Mader Michael",18830,ATL,,,0,,,,,,,,
Selman,Sam Ayres,572125,"Selman Sam",13397,KC,,,0,,,,,,,,
Glenn,Alex Alexander,571713,"Glenn Alex",14084,MIA,,,0,,,,,,,,
Santos,Michael,622400,"Santos Michael",18329,TB,,,0,,,,,,,,
Britton,Buck,542970,"Britton Buck",6287,MIN,,,0,,,,,,,,
Gallegos,Giovanny,606149,"Gallegos Giovanny",14986,NYA,,,0,,,,,,,,
Ortiz,Danny,543611,"Ortiz Danny",10317,PIT,,,0,,,,,,,,
Vielma,Engelb,622713,"Vielma Engelb",15481,MIN,,,0,,,,,,,,
Fields,Roemon,605231,"Fields Roemon",16168,TOR,,,0,,,,,,,,
Ramsey,James,607256,"Ramsey James",13689,LAN,,,0,,,,,,,,
Tarpley,Stephen Nicholas,605501,"Tarpley Stephen",15859,NYA,,,0,,,,,,,,
Schoop,Sharlon (Romans Emederio),463748,"Schoop Sharlon",2291,BAL,,,0,,,,,,,,
Garcia,Anthony,571685,"Garcia Anthony",11488,STL,,,0,,,,,,,,
Littrell,Corey David,592511,"Littrell Corey",14877,STL,,,0,,,,,,,,
Fleck,Kaleb Tod,592310,"Fleck Kaleb",13340,ARI,,,0,,,,,,,,
Edwards,Andrew Dalton,643294,"Edwards Andrew",15355,KC,,,0,,,,,,,,
Grosser,Alec Del,641640,"Grosser Alec Del",15710,LAN,,,0,,,,,,,,
Thompson,Cory Jarrett,642140,"Thompson Cory Jarrett",16374,CIN,,,0,,,,,,,,
Jimenez,Antonio,543362,"Jimenez A.J.",7077,TEX,,,0,,,,,,,,
Sadzeck,Connor,592712,"Sadzeck Connor",13483,TEX,,,0,,,,,,,,
Guerrero,Gabriel,602115,"Guerrero Gabriel",14528,CIN,,,0,,,,,,,,
Higashioka,Kyle,543309,"Higashioka Kyle",5517,NYA,,,0,,,,,,,,
Turner,Colton David,621394,"Turner Colton",14173,CHA,,,0,,,,,,,,
Russell,Michael Joseph,656920,"Russell Michael",17940,TB,,,0,,,,,,,,
Anderson,Brian Wade,605119,"Anderson Brian",18289,MIA,,,0,,,,,,,,
Martinez,Rodolfo,650869,"Martinez Rodolfo",17270,SF,,,0,,,,,,,,
Pries,Jordan,607061,"Pries Jordan",12003,CHN,,,0,,,,,,,,
Tirado,Alberto,610143,"Tirado Alberto",14167,PHI,,,0,,,,,,,,
Lara,Confesor,593501,"Lara Confesor",16088,MIN,,,0,,,,,,,,
Baez,Sandy,622783,"Baez Sandy",17754,DET,,,0,,,,,,,,
Herrera,Rosell Amado,594011,"Herrera Rosell",11611,COL,,,0,,,,,,,,
O'Grady,Chris Ryan,622217,"O'Grady Chris",13818,LAA,,,0,,,,,,,,
Jones,Ryder McKinley,624507,"Jones Ryder",15982,SF,,,0,,,,,,,,
Allen,Greg Lomack,656185,"Allen Greg",16623,CLE,,,0,,,,,,,,
Cordero,Jimmy Gerard,622772,"Cordero Jimmy",15690,WAS,,,0,,,,,,,,
Leon,Arcenio,455376,"Leon Arcenio",8846,DET,,,0,,,,,,,,
Nido,Tomas,621512,"Nido Tomas",13755,NYN,,,0,,,,,,,,
Gamache,Dan Joseph,607240,"Gamache Dan",12404,PIT,,,0,,,,,,,,
Nina,Angelys,516689,"Nina Angelys",3559,PHI,,,0,,,,,,,,
Silviano,John,623195,"Silviano John",15129,MIA,,,0,,,,,,,,
Ellis,Chris John,595939,"Ellis Chris",16125,STL,,,0,,,,,,,,
Neiman,Troy Davenport,645521,"Neiman Troy",15584,COL,,,0,,,,,,,,
Blandino,Alex,607468,"Blandino Alex",16271,CIN,,,0,,,,,,,,
Kingham,Nicholas Gordan,592468,"Kingham Nick",11694,PIT,,,0,,,,,,,,
Beede,Tyler Joseph,595881,"Beede Tyler",16981,SF,,,0,,,,,,,,
Huntzinger,Brock,518830,"Huntzinger Brock",6516,COL,,,0,,,,,,,,
Schultz,Jaime Matthew,621289,"Schultz Jaime",15066,TB,,,0,,,,,,,,
Bell,Chadwick Micah,518445,"Bell Chadwick",10297,DET,,,0,,,,,,,,
Kieboom,Spencer John,571851,"Kieboom Spencer",13300,WAS,,,0,,,,,,,,
Hope,Garrett,665579,"Hope Garrett",18624,LAN,,,0,,,,,,,,
Roller,Kyle Matthew,572393,"Roller Kyle",10692,TB,,,0,,,,,,,,
Mercedes,Simon,602925,"Mercedes Simon",14688,BOS,,,0,,,,,,,,
Smith,Nate David,642091,"Smith Nate",15229,LAA,,,0,,,,,,,,
Wilson,Jacob Clinton,607111,"Wilson Jacob",13254,STL,,,0,,,,,,,,
Lamb,Will Bradley,605327,"Lamb Will",12275,CHA,,,0,,,,,,,,
Roibal,Reinier,547977,"Roibal Reinier",11634,PHI,,,0,,,,,,,,
Stamets,Eric,608715,"Stamets Eric",13795,CLE,,,0,,,,,,,,
Silva,Rainis Antonio,629502,"Silva Rainis",17290,MIN,,,0,,,,,,,,
Lukes,Nathan Donald,664770,"Lukes Nathan",18123,TB,,,0,,,,,,,,
Holmes,Clay,605280,"Holmes Clay",13649,PIT,,,0,,,,,,,,
Gohara,Luiz Henrique,627894,"Gohara Luiz",15166,ATL,,,0,,,,,,,,
Martin,Kyle,573016,"Martin Kyle",14860,BOS,,,0,,,,,,,,
Salcedo,Erick Joe,593137,"Salcedo Erick",15856,BAL,,,0,,,,,,,,
Povse,Max Walter,605428,"Povse Max",16165,SEA,,,0,,,,,,,,
Mier,Jiovanni James,545353,"Mier Jio",9779,TOR,,,0,,,,,,,,
Mateo,Jorge,622761,"Mateo Jorge",17273,NYA,,,0,,,,,,,,
Valentin,Jesmuel Jose,621044,"Valentin Jesmuel",14548,PHI,,,0,,,,,,,,
Perez,David,593634,"Perez David",11900,TEX,,,0,,,,,,,,
Wade,Tyler Dean,642180,"Wade Tyler",15730,NYA,,,0,,,,,,,,
Paniagua,Juan Carlos,570883,"Paniagua Juan",14356,CHN,,,0,,,,,,,,
Palka,Daniel Bennett,594953,"Palka Daniel",14897,MIN,,,0,,,,,,,,
Dirks,Caleb Timothy,656375,"Dirks Caleb",16626,ATL,,,0,,,,,,,,
Peters,Dillon,596071,"Peters Dillon",18790,MIA,,,0,,,,,,,,
Weiss,Zack,592848,"Weiss Zack",15444,CIN,,,0,,,,,,,,
Lockett,Andrew Walker,621141,"Lockett Walker",13804,SD,,,0,,,,,,,,
Anderson,Brian E.,545138,"Anderson Brian",8417,MIA,,,0,,,,,,,,
Haynes,Kyle Michael,623401,"Haynes Kyle",13827,NYA,,,0,,,,,,,,
Appel,Mark Stewart,571446,"Appel Mark",14823,PHI,,,0,,,,,,,,
Jones,Chris,518854,"Jones Chris",4936,LAA,,,0,,,,,,,,
Tellez,Rowdy,642133,"Tellez Rowdy",15679,TOR,,,0,,,,,,,,
Ruxer,Jared James,596095,"Ruxer Jared",17671,KC,,,0,,,,,,,,
Whiting,Sutton,607768,"Whiting Sutton",18281,MIA,,,0,,,,,,,,
Weisenburger,Adam Robert,605523,"Weisenburger Adam",12948,MIL,,,0,,,,,,,,
Fox,Lucius,665650,"Fox Lucius",18899,TB,,,0,,,,,,,,
Toscano,Dian,661281,"Toscano Dian",17199,LAN,,,0,,,,,,,,
Baker,Dylan Ford,621173,"Baker Dylan",14577,CLE,,,0,,,,,,,,
Kemmer,Jon,643392,"Kemmer Jon",15364,HOU,,,0,,,,,,,,
Underwood Jr.,Duane Lee,621249,"Underwood Jr. Duane",14677,CHN,,,0,,,,,,,,
Holmes,Grant Grant,656550,"Holmes Grant",16944,OAK,,,0,,,,,,,,
Abreu,Albert Enmanuel,656061,"Abreu Albert",17485,NYA,,,0,,,,,,,,
Alvarado,Jose Antonio,621237,"Alvarado Jose",17780,TB,,,0,,,,,,,,
Rosario,Jose Junior,542231,"Rosario Jose",10186,CHN,,,0,,,,,,,,
Deglan,Kellin,592256,"Deglan Kellin",11348,TEX,,,0,,,,,,,,
Hagerty,Jason,571734,"Hagerty Jason",9141,SD,,,0,,,,,,,,
Bostick,Christopher Michael,607471,"Bostick Chris",13718,PIT,,,0,,,,,,,,
Santander,Anthony Roger,623993,"Santander Anthony",14551,BAL,,,0,,,,,,,,
Scivicque,Kade Hunter,664767,"Scivicque Kade",18132,ATL,,,0,,,,,,,,
Rowland,Robert,592700,"Rowland Robby",10827,STL,,,0,,,,,,,,
Sherfy,Jimmie Harold John,642073,"Sherfy Jimmie",15118,ARI,,,0,,,,,,,,
Lollis,Matthew Casey,571896,"Lollis Matt",10017,CHA,,,0,,,,,,,,
Portuondo,Carlos,667597,"Portuondo Carlos",19171,CIN,,,0,,,,,,,,
Moreno,Angel Jose,630029,"Moreno Angel",16443,TB,,,0,,,,,,,,
Jackson,Alex,656577,"Jackson Alex",17276,ATL,,,0,,,,,,,,
Duran,Juan Albert,544269,"Duran Juan",10180,CIN,,,0,,,,,,,,
Rosario,Randy Miguel,600968,"Rosario Randy",14508,MIN,,,0,,,,,,,,
Burdi,Nick Edward,595897,"Burdi Nick",16074,MIN,,,0,,,,,,,,
Chung,Byung Jo Derrick,623500,"Chung Derrick",13973,TOR,,,0,,,,,,,,
Nunez,Dom Manuel,624513,"Nunez Dom",15055,COL,,,0,,,,,,,,
Arcia,Francisco Antonio,516472,"Arcia Francisco",10286,MIA,,,0,,,,,,,,
Guzman,Jorge,660422,"Guzman Jorge",17505,NYA,,,0,,,,,,,,
Aplin,Andrew Ahyim,545331,"Aplin Andrew",13326,HOU,,,0,,,,,,,,
Slania,Dan Alexander,592753,"Slania Dan",15639,SF,,,0,,,,,,,,
Fierro,Edwin Edeir,616623,"Fierro Edwin",16970,TB,,,0,,,,,,,,
McFarland,Blake Mackey,607962,"McFarland Blake",12493,TOR,,,0,,,,,,,,
Espinoza,Anderson Jose,659262,"Espinoza Anderson Jose",18593,SD,,,0,,,,,,,,
Black,Daniel,542941,"Black Daniel",9201,MIA,,,0,,,,,,,,
Curletta,Joey Domenic,621575,"Curletta Joey",15035,SEA,,,0,,,,,,,,
Green,Nick,643340,"Green Nick",17906,NYA,,,0,,,,,,,,
Adams,Austin Lance,613534,"Adams Austin",13801,WAS,,,0,,,,,,,,
Davis,Taylor M.,543089,"Davis Taylor",12782,CHN,,,0,,,,,,,,
Musgrave,Harrison Scott,643466,"Musgrave Harrison",16532,COL,,,0,,,,,,,,
Cordell,Ryan Thomas,641477,"Cordell Ryan",15181,MIL,,,0,,,,,,,,
Kittredge,Andrew,552640,"Kittredge Andrew",12828,TB,,,0,,,,,,,,
Moronta,Reyes Armando,606625,"Moronta Reyes",14966,SF,,,0,,,,,,,,
Ficociello,Dominic Anthony,592301,"Ficociello Dominic",14866,DET,,,0,,,,,,,,
McMahon,Ryan P.,641857,"McMahon Ryan",15112,COL,,,0,,,,,,,,
Smith,Dominic David Rene,642086,"Smith Dominic",15653,NYN,,,0,,,,,,,,
Rodriguez,Reynaldo,471906,"Rodriguez Reynaldo",10097,MIN,,,0,,,,,,,,
Milner,Hoby Trey,571948,"Milner Hoby",13346,PHI,,,0,,,,,,,,
Travieso,Nick,621072,"Travieso Nick",14342,CIN,,,0,,,,,,,,
Travis,Sam John,607752,"Travis Sam",16263,BOS,,,0,,,,,,,,
Diaz,Luis Edgardo,571074,"Diaz Luis",12078,SD,,,0,,,,,,,,
Walker,Adam Brett,608724,"Walker Adam",13738,ATL,,,0,,,,,,,,
Straka,John,643559,"Straka John",15361,TOR,,,0,,,,,,,,
Wilkerson,Aaron Daniel,658792,"Wilkerson Aaron",16904,MIL,,,0,,,,,,,,
Feigl,Brady Matthew,621399,"Feigl Brady",15968,TEX,,,0,,,,,,,,
Kopech,Michael Talbert,656629,"Kopech Michael",17282,CHA,,,0,,,,,,,,
Othman,Sharif,607670,"Othman Sharif",12619,MIA,,,0,,,,,,,,
Baker,Tyler Lee,606928,"Baker Tyler",16154,ARI,,,0,,,,,,,,
Guzman,Ronald Enmanuel,608597,"Guzman Ronald",14388,TEX,,,0,,,,,,,,
Gunkel,Joe Dillon,641646,"Gunkel Joe",15075,BAL,,,0,,,,,,,,
Mejia,Francisco Jose,642336,"Mejia Francisco",16403,CLE,,,0,,,,,,,,
Rosenbaum,Daniel Eric,572095,"Rosenbaum Daniel",10352,BOS,,,0,,,,,,,,
Janas,Stephen Michael,641724,"Janas Stephen",15072,ATL,,,0,,,,,,,,
Ziomek,Kevin Matthew,592895,"Ziomek Kevin",14883,DET,,,0,,,,,,,,
Guerrero,Jordan Andrew,622218,"Guerrero Jordan",13864,CHA,,,0,,,,,,,,
Carle,Shane Taylor,641438,"Carle Shane",15258,COL,,,0,,,,,,,,
Middleton,Keynan Anthony,641871,"Middleton Keynan",15264,LAA,,,0,,,,,,,,
Cozens,Dylan Wallace,622226,"Cozens Dylan",15115,PHI,,,0,,,,,,,,
Bean,Steve William,621515,"Bean Steve",13678,STL,,,0,,,,,,,,
Valera,Rafael Pastor,622712,"Valera Rafael",17259,MIN,,,0,,,,,,,,
Gadea,Kevin,640737,"Gadea Kevin",19237,TB,,,0,,,,,,,,
Soriano,Wilson,570557,"Soriano Wilson",14262,COL,,,0,,,,,,,,
Naylor,Josh,647304,"Naylor Josh",18839,SD,,,0,,,,,,,,
Smith,Tyler,642094,"Smith Tyler",12490,SEA,,,0,,,,,,,,
Torres,Ramon Alexander,593527,"Torres Ramon",14113,KC,,,0,,,,,,,,
Tillman,Daniel,534581,"Tillman Daniel",10724,MIL,,,0,,,,,,,,
Green,Austin Darrell,643337,"Green Austin",14803,DET,,,0,,,,,,,,
Romero,Fernando Ernesto,622864,"Romero Fernando",15885,MIN,,,0,,,,,,,,
Doe,Brett Franklin,571622,"Doe Brett Franklin",16034,MIN,,,0,,,,,,,,
Evans,Bryan,543141,"Evans Bryan",6379,SEA,,,0,,,,,,,,
Gagnon,Drew,543193,"Gagnon Drew",12545,LAA,,,0,,,,,,,,
Ravelo,Rangel,592660,"Ravelo Rangel",10839,OAK,,,0,,,,,,,,
Sitton,Kraig Matthew,552668,"Sitton Kraig",11171,SF,,,0,,,,,,,,
Ferguson,Collin Malloy,656417,"Ferguson Collin",17786,COL,,,0,,,,,,,,
Reinheimer,Jack Patrick,595373,"Reinheimer Jack",14938,ARI,,,0,,,,,,,,
Heim,Jonah Nathan,641680,"Heim Jonah",16930,TB,,,0,,,,,,,,
Taijeron,Travis Nathaniel,607369,"Taijeron Travis",11935,NYN,,,0,,,,,,,,
Smith,Caleb Anthony,592761,"Smith Caleb",14875,NYA,,,0,,,,,,,,
Keyes,Kevin Jamal,518881,"Keyes Kevin",11234,TEX,,,0,,,,,,,,
Williams,Ryan Arthur,657123,"Williams Ryan",16644,CHN,,,0,,,,,,,,
Lively,Ben Bennett,594902,"Lively Ben",14932,PHI,,,0,,,,,,,,
Dragmire,Brady John,607170,"Dragmire Brady",15021,TEX,,,0,,,,,,,,
Brattvet,Scott Michael,642835,"Brattvet Scott",15270,CIN,,,0,,,,,,,,
Sheffield,Justus Kane,656954,"Sheffield Justus",17285,NYA,,,0,,,,,,,,
Almonte,Jose Ramon,642767,"Almonte Jose Ramon",17826,ARI,,,0,,,,,,,,
Flexen,Christoper,623167,"Flexen Chris",13896,NYN,,,0,,,,,,,,
Montgomery,Mark Garrett,605384,"Montgomery Mark",12273,STL,,,0,,,,,,,,
Herrera,Ronald Jose,622703,"Herrera Ronald",15688,NYA,,,0,,,,,,,,
Lee,Christopher,595296,"Lee Chris",12250,BAL,,,0,,,,,,,,
Cave,Jake Jacob,595909,"Cave Jake",14477,NYA,,,0,,,,,,,,
Strong,Michael Joseph,572175,"Strong Mike",12081,MIN,,,0,,,,,,,,
Garcia,Rene,543200,"Garcia Rene",7318,MIL,,,0,,,,,,,,
Garver,Mitchell Lynn,641598,"Garver Mitch",15161,MIN,,,0,,,,,,,,
Jansen,Danny Robert,643376,"Jansen Danny",16535,TOR,,,0,,,,,,,,
Reifer,Adam James,519179,"Reifer Adam",4029,TB,,,0,,,,,,,,
Romero,Deibinson Joel,466480,"Romero Deibinson",1971,NYA,,,0,,,,,,,,
Doolittle,Ryan Scott,543114,"Doolittle Ryan",4968,OAK,,,0,,,,,,,,
Banda,Anthony Anthony,607455,"Banda Anthony",14706,ARI,,,0,,,,,,,,
Barnette,Tyler Benjamin,592132,"Barnette Tyler",14918,SD,,,0,,,,,,,,
De La Rosa,Bryan,621511,"De La Rosa Bryan",14394,ATL,,,0,,,,,,,,
Moreno,Rando,607437,"Moreno Rando",14540,SF,,,0,,,,,,,,
Gonzalez,Benjamin,543232,"Gonzalez Benji",10172,SEA,,,0,,,,,,,,
Hultzen,Danny Alexander,543343,"Hultzen Danny",12874,SEA,,,0,,,,,,,,
Biddle,Jesse Thomas,592145,"Biddle Jesse",11437,ATL,,,0,,,,,,,,
Jaye,Myles Joseph,594867,"Jaye Myles",11769,DET,,,0,,,,,,,,
Romano,Salvatore,607219,"Romano Sal",13690,CIN,,,0,,,,,,,,
Rhame,Jacob Alan,642008,"Rhame Jacob",15267,LAN,,,0,,,,,,,,
Gonzalez,Felipe,542413,"Gonzalez Felipe",14248,MIA,,,0,,,,,,,,
Barreto,Franklin Jose,620439,"Barreto Franklin",15519,OAK,,,0,,,,,,,,
Wahl,Bobby Martin,592833,"Wahl Bobby",14832,OAK,,,0,,,,,,,,
Greene,Conner Conner,641632,"Greene Conner",16455,TOR,,,0,,,,,,,,
Katz,Alex Benjamin,621355,"Katz Alex",18324,CHA,,,0,,,,,,,,
Osuna,Jose Gregorio,591741,"Osuna Jose",12937,PIT,,,0,,,,,,,,
Johnson,Pierce,572955,"Johnson Pierce",13435,CHN,,,0,,,,,,,,
Hankins,Todd,607399,"Hankins Todd",12416,CLE,,,0,,,,,,,,
Dziedzic,Jonathan Michael,571639,"Dziedzic Jonathan",14809,KC,,,0,,,,,,,,
Waldron,Tyler,552673,"Waldron Tyler",10610,STL,,,0,,,,,,,,
Kubiak,David,607608,"Kubiak David",12625,NYA,,,0,,,,,,,,
Wick,Rowan,592858,"Wick Rowan",14646,STL,,,0,,,,,,,,
Gomber,Austin Zachary,596295,"Gomber Austin",16561,STL,,,0,,,,,,,,
Kennelly,Matt Luke,499882,"Kennelly Matt",5947,ATL,,,0,,,,,,,,
Dewees,Donnie,664159,"Dewees Donnie",18055,KC,,,0,,,,,,,,
Tobias,Joshua Henry James,596122,"Tobias Josh",17663,BOS,,,0,,,,,,,,
Zarate,Robert Alexander,462110,"Zarate Robert",5612,PIT,,,0,,,,,,,,
Berry,Timothy David,572718,"Berry Tim",11606,MIA,,,0,,,,,,,,
Johnson,Stephen Alexander,621283,"Johnson Stephen",13521,CIN,,,0,,,,,,,,
Tavarez,Aneury De Jesus,606477,"Tavarez Aneury",13627,BOS,,,0,,,,,,,,
Nielsen,Trey Storm,592594,"Nielsen Trey",15785,STL,,,0,,,,,,,,
Lee,Hak-Ju,573349,"Lee Hak-Ju",5904,SF,,,0,,,,,,,,
Walters,Jeffrey Aaron,502368,"Walters Jeffrey",10530,NYN,,,0,,,,,,,,
Jagielo,Eric Stephen,592429,"Jagielo Eric",15439,CIN,,,0,,,,,,,,
Melotakis,Mason Emmanual,608691,"Melotakis Mason",13756,MIN,,,0,,,,,,,,
Stephens,Jackson Tanner,623451,"Stephens Jackson",14420,CIN,,,0,,,,,,,,
Rivero,Armando,633831,"Rivero Armando",15153,ATL,,,0,,,,,,,,
Anderson,Andrew,623454,"Anderson Drew",15130,PHI,,,0,,,,,,,,
Astudillo,Willians Jose,553902,"Astudillo Willians",15608,ATL,,,0,,,,,,,,
Liranzo,Jesus,622338,"Liranzo Jesus",19189,BAL,,,0,,,,,,,,
Cuevas,Juan Pedro,656104,"Cuevas Juan Pedro",17500,MIA,,,0,,,,,,,,
Otero,Andy Rolando,554241,"Otero Andy",12900,ATL,,,0,,,,,,,,
McKinney,Billy Landis,641856,"McKinney Billy",15654,NYA,,,0,,,,,,,,
Pinto,Ricardo Antonio,620982,"Pinto Ricardo",16318,PHI,,,0,,,,,,,,
Chinea,Chris Michael,546992,"Chinea Chris Michael",17646,STL,,,0,,,,,,,,
Espino,Paolo,502179,"Espino Paolo",8246,WAS,,,0,,,,,,,,
Shoemaker,Brady Warren,573158,"Shoemaker Brady",9411,MIA,,,0,,,,,,,,
Thornton,Zachary,543856,"Thornton Zack",10653,NYN,,,0,,,,,,,,
Lewis,Sam James,625974,"Lewis Sam",14234,ARI,,,0,,,,,,,,
Phillips,Brett Maverick,621433,"Phillips Brett",14735,MIL,,,0,,,,,,,,
Anderson,Chris Ryan,592108,"Anderson Chris",14921,LAN,,,0,,,,,,,,
Ortiz,Luis Francisco,656814,"Ortiz Luis",16942,MIL,,,0,,,,,,,,
Maris,Peter Louis,665285,"Maris Peter",18270,TB,,,0,,,,,,,,
Bickford,Phil Roger,641360,"Bickford Phil",18519,MIL,,,0,,,,,,,,
VanMeter,Josh Michael,642165,"VanMeter Josh",15170,CIN,,,0,,,,,,,,
Hobson,KC,571785,"Hobson K.C.",11386,CHA,,,0,,,,,,,,
Pike,Tyler Wienk,621377,"Pike Tyler",14549,ATL,,,0,,,,,,,,
Voth,Austin Lee,608723,"Voth Austin",15047,WAS,,,0,,,,,,,,
Reed,Jake Hubert,596082,"Reed Jake",16209,MIN,,,0,,,,,,,,
Moore,Logan,607355,"Moore Logan",13195,PHI,,,0,,,,,,,,
Torres,Kevin,543860,"Torres Kevin",10639,TEX,,,0,,,,,,,,
Cole,Taylor James,518566,"Cole Taylor",11964,TOR,,,0,,,,,,,,
Pimentel,Carlos,522228,"Pimentel Carlos",4619,SD,,,0,,,,,,,,
Sisco,Chance Thomas,642082,"Sisco Chance",15694,BAL,,,0,,,,,,,,
Fisher,Derek Joseph,605233,"Fisher Derek",16192,HOU,,,0,,,,,,,,
Dykstra,Luke Avery,656392,"Dykstra Luke Avery",17105,STL,,,0,,,,,,,,
Haley,III  Trey,543270,"Haley Trey",9053,PIT,,,0,,,,,,,,
Minnis,Albert Jordan,592558,"Minnis Albert",14649,HOU,,,0,,,,,,,,
McCarthy,Joe Edward,663411,"McCarthy Joe",18399,TB,,,0,,,,,,,,
McCurry,Brendan Scott,657680,"McCurry Brendan",16776,HOU,,,0,,,,,,,,
Adames,Willy Rafael,642715,"Adames Willy",15986,TB,,,0,,,,,,,,
Binford,Christian Christian,606935,"Binford Christian",13673,KC,,,0,,,,,,,,
Marjama,Michael,605357,"Marjama Mike",12594,TB,,,0,,,,,,,,
Winker,Jesse,608385,"Winker Jesse",13590,CIN,,,0,,,,,,,,
Sanchez,Manuel Enrique,642457,"Sanchez Manuel",16484,TB,,,0,,,,,,,,
Robinson,Drew Elliott,592685,"Robinson Drew",11761,TEX,1,,0,,,,,,,,
Jones,Tyler,592448,"Jones Tyler",12757,NYA,,,0,,,,,,,,
Stilson,John Jacob,572166,"Stilson John",13089,TOR,,,0,,,,,,,,
Arias,Junior Felix,570616,"Arias Junior",10195,SF,,,0,,,,,,,,
Delgado,Natanael,627892,"Delgado Natanael",16438,BAL,,,0,,,,,,,,
Miller,Adam Timothy,607036,"Miller Adam",14795,ARI,,,0,,,,,,,,
McGuire,Reese Jackson,624512,"McGuire Reese",15674,TOR,,,0,,,,,,,,
Aquino,Aristides,606157,"Aquino Aristides",15482,CIN,,,0,,,,,,,,
Strentz,Michael Lloyd,642114,"Strentz Michael",16315,LAA,,,0,,,,,,,,
Browning,Wil Charles,623923,"Browning Wil",14045,TOR,,,0,,,,,,,,
Peterson,D.J. Anthony,592637,"Peterson D.J.",14924,SEA,,,0,,,,,,,,
Ohlman,Michael Livingston,572000,"Ohlman Mike",10347,STL,,,0,,,,,,,,
Loopstok,Sicnarf,643419,"Loopstok Sicnarf",15356,CLE,,,0,,,,,,,,
Cole,Hunter Aaron,607500,"Cole Hunter",16922,SF,,,0,,,,,,,,
Ervin,Phillip,640447,"Ervin Phillip",14738,CIN,,,0,,,,,,,,
Nunez,Renato Rafael,600524,"Nunez Renato",14503,OAK,,,0,,,,,,,,
Thomas,Mark,502620,"Thomas Mark",4118,ARI,,,0,,,,,,,,
Washington,David Edward,572241,"Washington David",12110,STL,,,0,,,,,,,,
Feyereisen,J.P.,656420,"Feyereisen J.P.",16610,NYA,,,0,,,,,,,,
Acevedo,Andury Junior,524349,"Acevedo Andury",10467,CHN,,,0,,,,,,,,
Mustelier,Ronnier,608589,"Mustelier Ronnier",12674,ATL,,,0,,,,,,,,
Zarraga,Shawn,519452,"Zarraga Shawn",5326,LAN,,,0,,,,,,,,
Roberts,Will Jeffrey,543704,"Roberts Will",12651,CLE,,,0,,,,,,,,
Swim,Alex Edward,608719,"Swim Alex",15897,MIN,,,0,,,,,,,,
Swanson,Erik,657024,"Swanson Erik",16587,NYA,,,0,,,,,,,,
Sosa,Edmundo Israel,624641,"Sosa Edmundo",17022,STL,,,0,,,,,,,,
Coyle,Sean,592231,"Coyle Sean",11612,LAA,,,0,,,,,,,,
Gonzalez,Rayan,543234,"Gonzalez Rayan",13278,COL,,,0,,,,,,,,
Brennan,Brandon,592165,"Brennan Brandon",13527,CHA,,,0,,,,,,,,
Frazier,Clint Jackson,640449,"Frazier Clint",15983,NYA,,,0,,,,,,,,
Skole,Matt Thomas,605474,"Skole Matt",12119,WAS,,,0,,,,,,,,
Lino,Gabriel Eloy,593449,"Lino Gabriel",13161,PHI,,,0,,,,,,,,
Shaw,Chris James,622046,"Shaw Chris",17738,SF,,,0,,,,,,,,
Sims,Luke Sundberg,608371,"Sims Luke",13470,ATL,,,0,,,,,,,,
Albies,Ozhaino Jurdy Jiandro,645277,"Albies Ozzie",16556,ATL,,,0,,,,,,,,
Murphy,John,571975,"Murphy Jack",7041,LAN,,,0,,,,,,,,
Guerrieri,Taylor Taylor,605260,"Guerrieri Taylor",13616,TB,,,0,,,,,,,,
Valle,Sebastian,516679,"Valle Sebastian",3506,NYA,,,0,,,,,,,,
Littell,Zack Stuart,641793,"Littell Zack",15823,NYA,,,0,,,,,,,,
Gibson,Daniel James,592336,"Gibson Daniel",14890,ARI,,,0,,,,,,,,
Becerra,Wuilmer Gabriel,610141,"Becerra Wuilmer",14389,NYN,,,0,,,,,,,,
Fuenmayor,Balbino Rafael,515768,"Fuenmayor Balbino",7001,KC,,,0,,,,,,,,
Hearn,Taylor Lynn,621368,"Hearn Taylor Lynn",18325,PIT,,,0,,,,,,,,
Leyba,Domingo Junior,642736,"Leyba Domingo",16404,ARI,,,0,,,,,,,,
Gerber,Michael Jeffrey,595222,"Gerber Mike",16115,DET,,,0,,,,,,,,
Pena,Roberto,592629,"Pena Roberto",11395,HOU,,,0,,,,,,,,
Littlewood,Marcus Chase,547171,"Littlewood Marcus",11727,SEA,,,0,,,,,,,,
Wisdom,Patrick Ian,621550,"Wisdom Patrick",13602,STL,,,0,,,,,,,,
Busenitz,Alan Paul,641427,"Busenitz Alan",15239,MIN,,,0,,,,,,,,
Duenez,Samir Yarin,642279,"Duenez Samir",14761,KC,,,0,,,,,,,,
Lively,Mitchell David,518944,"Lively Mitchell",7977,WAS,,,0,,,,,,,,
Wren,Kyle Patrick,592881,"Wren Kyle",14641,MIL,,,0,,,,,,,,
Fontana,Nolan David,545337,"Fontana Nolan",13267,LAA,,,0,,,,,,,,
Thompson,Dylan Michael,663840,"Thompson Dylan Michael",18677,TB,,,0,,,,,,,,
Brady,Michael,572728,"Brady Michael",8461,WAS,,,0,,,,,,,,
Smith,Chris,627262,"Smith Chris",14449,TOR,,,0,,,,,,,,
Vargas,Ildemaro,545121,"Vargas Ildemaro",13324,ARI,,,0,,,,,,,,
Labourt,Jairo Snaider,607951,"Labourt Jairo",14996,DET,,,0,,,,,,,,
Ysla,Luis Alfredo,644443,"Ysla Luis",15992,BOS,,,0,,,,,,,,
Gurriel,Lourdes,666971,"Gurriel Lourdes",19238,TOR,,,0,,,,,,,,
Garcia,Aramis Michael,605244,"Garcia Aramis",16925,SF,,,0,,,,,,,,
Smith,Dwight Dwight,596105,"Smith Dwight",13473,TOR,,,0,,,,,,,,
Hudson,Joseph Thaddeus,621529,"Hudson Joe",14412,CIN,,,0,,,,,,,,
Dubon,Mauricio Andre,643289,"Dubon Mauricio",16530,MIL,,,0,,,,,,,,
Freeman,Ronnie Edward,621531,"Freeman Ronnie",13782,ARI,,,0,,,,,,,,
Garcia,Jarlin Enmanuel,606424,"Garcia Jarlin",18282,MIA,,,0,,,,,,,,
Sermo,Jose,572127,"Sermo Jose",14469,BOS,,,0,,,,,,,,
Paredes,Eduardo Jose,622161,"Paredes Eduardo",16344,LAA,,,0,,,,,,,,
Sulbaran,Juan Carlos Antonio,543833,"Sulbaran Juan",5693,STL,,,0,,,,,,,,
Koch,Brandon Gregory,664125,"Koch Brandon",17595,TB,,,0,,,,,,,,
Jorge,Felix De Jesus,602928,"Jorge Felix",14532,MIN,,,0,,,,,,,,
Read,Raudy Miguel,600466,"Read Raudy",15766,WAS,,,0,,,,,,,,
Gushue,Taylor Stone,656494,"Gushue Taylor",16098,WAS,,,0,,,,,,,,
Alford,Anthony Joseph,546990,"Alford Anthony",14329,TOR,,,0,,,,,,,,
Sierra,Yaisel,666888,"Sierra Yaisel",18720,LAN,,,0,,,,,,,,
Faria,Jake Daniel,607188,"Faria Jacob",13699,TB,,,0,,,,,,,,
Andreoli,John Francis,607430,"Andreoli John",13012,CHN,,,0,,,,,,,,
Guduan,Reymin Yojairo,594056,"Guduan Reymin",13058,HOU,,,0,,,,,,,,
Diaz,Miller Diaz,553859,"Diaz Miller",12557,ARI,,,0,,,,,,,,
Ruiz,Jose Rafael,614179,"Ruiz Jose",14552,SD,,,0,,,,,,,,
Gomez,Raywilly,542466,"Gomez Raywilly",4877,NYN,,,0,,,,,,,,
Pivetta,Nicholas Johncarlo,601713,"Pivetta Nick",15454,PHI,,,0,,,,,,,,
Gorski,Darin Walter,571719,"Gorski Darin",9354,NYN,,,0,,,,,,,,
Daal,Carlton Arron,636072,"Daal Calten",15162,CIN,,,0,,,,,,,,
Grayson,Casey Dwayne,656485,"Grayson Casey",16636,STL,,,0,,,,,,,,
Junis,Jakob Benjamin Lee,596001,"Junis Jakob",13619,KC,,,0,,,,,,,,
Neverauskas,Dovydas,596720,"Neverauskas Dovydas",11604,PIT,,,0,,,,,,,,
O'Conner,Justin Douglas,592604,"O'Conner Justin",11996,TB,,,0,,,,,,,,
Camargo,Johan Valentin,622666,"Camargo Johan",14950,ATL,,,0,,,,,,,,
Crawford,J.P.,641487,"Crawford J.P.",15491,PHI,,,0,,,,,,,,
Krizan,Jason William,607249,"Krizan Jason",12394,DET,,,0,,,,,,,,
Tauchman,Michael Robert,643565,"Tauchman Mike",15274,COL,,,0,,,,,,,,
Garcia,Elniery De Jesus,622556,"Garcia Elniery",17266,PHI,,,0,,,,,,,,
Santos,Eduard Francisco,542742,"Santos Eduard",14086,OAK,,,0,,,,,,,,
Engel,Adam,641553,"Engel Adam",15082,CHA,,,0,,,,,,,,
Chang,Yu-Cheng,644374,"Chang Yu-Cheng",14773,CLE,,,0,,,,,,,,
Ball,Matt James,641334,"Ball Matt James",15228,TEX,,,0,,,,,,,,
Bautista,Rafael Darwing,622441,"Bautista Rafael",15769,WAS,,,0,,,,,,,,
Gonzalez,Nelson Loanny,516685,"Gonzalez Nelson",10296,COL,,,0,,,,,,,,
Johnson,Chase Lucas,592438,"Johnson Chase",15460,SF,,,0,,,,,,,,
Sawyer,Wynston Selwyn,592723,"Sawyer Wynston",12188,LAN,,,0,,,,,,,,
Puello,Cesar David,527049,"Puello Cesar",7216,NYA,,,0,,,,,,,,
Charles,Arthur,543021,"Charles Arthur",11733,CIN,,,0,,,,,,,,
Brugman,Jaycob Hull,595144,"Brugman Jaycob",14936,OAK,,,0,,,,,,,,
Torres,Gleyber David,650402,"Torres Gleyber",16997,NYA,,,0,,,,,,,,
Polo,Tito Luis,622738,"Polo Tito",15815,NYA,,,0,,,,,,,,
Borenstein,Zachary,605148,"Borenstein Zach",13253,ARI,,,0,,,,,,,,
Yarbrough,Ryan Christian,642232,"Yarbrough Ryan",16502,TB,,,0,,,,,,,,
Pimentel,Yankory Miguel,622524,"Pimentel Yankory",18517,BOS,,,0,,,,,,,,
Mendoza,Francisco,542383,"Mendoza Francisco",8882,TEX,,,0,,,,,,,,
Andujar,Miguel Enrique,609280,"Andujar Miguel",15878,NYA,,,0,,,,,,,,
Zimmer,Kyle Joseph,622092,"Zimmer Kyle",14169,KC,,,0,,,,,,,,
Loveless,Derrick,596023,"Loveless Derrick",14504,TOR,,,0,,,,,,,,
Schrock,Max,621011,"Schrock Max",17750,OAK,,,0,,,,,,,,
Suero,Wander,593833,"Suero Wander",15855,WAS,,,0,,,,,,,,
Jeroloman,Brian,502089,"Jeroloman Brian",5868,WAS,,,0,,,,,,,,
Bellinger,Cody James,641355,"Bellinger Cody",15998,LAN,,,0,,,,,,,,
Schlehuber,Braeden Kenneth,543750,"Schlehuber Braeden",3947,ATL,,,0,,,,,,,,
Hader,Joshua Ronald,623352,"Hader Josh",14212,MIL,,,0,,,,,,,,
Cruzado,Victor Julio,606323,"Cruzado Victor",14959,NYN,,,0,,,,,,,,
Cordero,Franchy,614173,"Cordero Franchy",14567,SD,,,0,,,,,,,,
Morin,Parker,605390,"Morin Parker",13665,KC,,,0,,,,,,,,
Hu,Chih-Wei,629496,"Hu Chih-Wei",16419,TB,,,0,,,,,,,,
Crawford,Rashad Travelle,622197,"Crawford Rashad",15978,NYA,,,0,,,,,,,,
Sierra,Magneuris,642423,"Sierra Magneuris",17023,STL,,,0,,,,,,,,
Gallagher,Cameron Joseph,595956,"Gallagher Cameron",12981,KC,,,0,,,,,,,,
Jackson,Drew Hamilton,623515,"Jackson Drew",17807,LAN,,,0,,,,,,,,
Fuller,James L.,543188,"Fuller James",7179,PIT,,,0,,,,,,,,
Ballew,Travis Scott,621216,"Ballew Travis",13671,MIA,,,0,,,,,,,,
Marzilli,Evan Daniel,608685,"Marzilli Evan",13771,ARI,,,0,,,,,,,,
Avila,Andres,584176,"Avila Andres",13542,OAK,,,0,,,,,,,,
Cruz,Luis Felipe,606133,"Cruz Luis",15795,STL,,,0,,,,,,,,
Heineman,Tyler,623168,"Heineman Tyler",13897,MIL,,,0,,,,,,,,
Steckenrider,Drew,608716,"Steckenrider Drew",18806,MIA,,,0,,,,,,,,
Brinson,Lewis Lamont,621446,"Brinson Lewis",14352,MIL,,,0,,,,,,,,
Munoz,Yairo,622168,"Munoz Yairo",16313,OAK,,,0,,,,,,,,
Hernandez,Ariel,554374,"Hernandez Ariel",15603,CIN,,,0,,,,,,,,
Allie,Stetson,592105,"Allie Stetson",11673,LAN,,,0,,,,,,,,
Rijo,Wendell Roel,620442,"Rijo Wendell",15709,MIL,,,0,,,,,,,,
Guerra,Javier Alexis,642770,"Guerra Javier",17292,SD,,,0,,,,,,,,
Turley,Nikolas,543867,"Turley Nik",5530,CHA,,,0,,,,,,,,
Ramos,Henry,592656,"Ramos Henry",11481,LAN,,,0,,,,,,,,
Starling,Bubba,605490,"Starling Bubba",13356,KC,,,0,,,,,,,,
Borucki,Ryan,621366,"Borucki Ryan",16350,TOR,,,0,,,,,,,,
Bonifacio,Jorge Luis,593528,"Bonifacio Jorge",12174,KC,,,0,,,,,,,,
Jerez,Williams A.,605301,"Jerez Williams",14338,BOS,,,0,,,,,,,,
Galloway,Isaac,543194,"Galloway Isaac",5238,MIA,,,0,,,,,,,,
Gil,Isaac Alfredo,607540,"Gil Isaac",15025,TB,,,0,,,,,,,,
Fry,Paul Raymond,643316,"Fry Paul",15832,SEA,,,0,,,,,,,,
Vidal,David Javier,592829,"Vidal David",10877,MIA,,,0,,,,,,,,
Lugo,Dawel Leoner,608475,"Lugo Dawel",14713,ARI,,,0,,,,,,,,
Jankowski,Jordan,543357,"Jankowski Jordan",13313,HOU,,,0,,,,,,,,
Farmer,Kyle Kyle,571657,"Farmer Kyle",14813,LAN,,,0,,,,,,,,
Bennie,Joe Robert,643218,"Bennie Joe",16516,OAK,,,0,,,,,,,,
Hinshaw,Chad Edward,643364,"Hinshaw Chad",15334,LAA,,,0,,,,,,,,
Varona,Dayron Armando,664463,"Varona Dayron",17349,TB,,,0,,,,,,,,
Glaesmann,Todd,571711,"Glaesmann Todd",10465,ARI,,,0,,,,,,,,
Williams,Taylor,592865,"Williams Taylor",14899,MIL,,,0,,,,,,,,
Sopilka,David Alejandro,593427,"Sopilka David",14664,BOS,,,0,,,,,,,,
Locante,William Mario,605342,"Locante Will",12941,ARI,,,0,,,,,,,,
Lail,Brady Joe,621078,"Lail Brady",14707,NYA,,,0,,,,,,,,
Gonzalez,Juan Pablo,517355,"Gonzalez Juan",7033,STL,,,0,,,,,,,,
Castillo,Luis Miguel,622491,"Castillo Luis",15689,CIN,,,0,,,,,,,,
