MlbId,FirstName,LastName,FullName,Position,FormerTeam,MiLBAffiliate,Level,,,,,,
656774,Jeremiah,Muhammad,Jeremiah Muhammad,P,ARI,AZL D-backs,RK,,,,,,
625509,Angelo,Almonte,Angelo Almonte,P,ARI,DSL D-backs,DSL,,,,,,
622181,Justin,Chigbogu,Justin Chigbogu,1B,ARI,Hillsboro Hops,Short-A,,,,,,
595129,Tom,Belza,Tom Belza,I,ARI,Mobile BayBears,Double-A,,,,,,
502695,Ryan,Kussmaul,Ryan Kussmaul,P,ARI,Mobile BayBears,Double-A,,,,,,
593450,Luis,Ramirez,Luis Ramirez,P,ARI,Mobile BayBears,Double-A,,,,,,
542335,Robelys,Reyes,Robelys Reyes,3B,ARI,Mobile BayBears,Double-A,,,,,,
593662,Jency,Solis,Jency Solis,P,ARI,Mobile BayBears,Double-A,,,,,,
434438,Billy,Buckner,Billy Buckner,P,ARI,Mobile BayBears,Double-A,,,,,,
519221,Dan,Rohlfing,Dan Rohlfing,C,ARI,Reno Aces,Triple-A,,,,,,
501936,Matt,Buschmann,Matt Buschmann,P,ARI,Reno Aces,Triple-A,,,,,,
468539,Edgar,Garcia,Edgar Garcia,P,ARI,Reno Aces,Triple-A,,,,,,
571772,Hector,Hernandez,Hector Hernandez,P,ARI,Reno Aces,Triple-A,,,,,,
607587,Cole,Johnson,Cole Johnson,P,ARI,Reno Aces,Triple-A,,,,,,
491640,Carlos,Rivero,Carlos Rivero,3B,ARI,Reno Aces,Triple-A,,,,,,
502620,Mark,Thomas,Mark Thomas,C,ARI,Reno Aces,Triple-A,,,,,,
657516,Palmer,Betts,Palmer Betts,P,ARI,Visalia Rawhide,High-A,,,,,,
594959,Blake,Perry,Blake Perry,P,ARI,Visalia Rawhide,High-A,,,,,,
602929,Markus,Solbach,Markus Solbach,P,ARI,Visalia Rawhide,High-A,,,,,,
429400,Adam,Loewen,Adam Loewen,P,ARI,Gwinnett Braves,Triple-A,,,,,,
517014,Victor,Mateo,Victor Mateo,P,ATL,Gwinnett Braves,Triple-A,,,,,,
115832,Roberto,Hernandez,Roberto Hernandez,P,ATL,Gwinnett Braves,Triple-A,,,,,,
542989,Bobby,Bundy,Bobby Bundy,P,BAL,Bowie Baysox,Double-A,,,,,,
601973,Genison,Reyes,Genison Reyes,P,BAL,Bowie Baysox,Double-A,,,,,,
592723,Wynston,Sawyer,Wynston Sawyer,C,BAL,Bowie Baysox,Double-A,,,,,,
594976,David,Richardson,David Richardson,P,BAL,Bowie Baysox,Double-A,,,,,,
593440,Janser,Severino,Janser Severino,P,BAL,Delmarva Shorebirds,Low-A,,,,,,
593961,Ronarsy,Ledesma,Ronarsy Ledesma,1B,BAL,Delmarva Shorebirds,Low-A,,,,,,
593443,Ivan,Hernandez,Ivan Hernandez,P,BAL,Frederick Keys,High-A,,,,,,
595275,Zach,Kapstein,Zach Kapstein,C,BAL,Frederick Keys,High-A,,,,,,
543377,Corban,Joseph,Corban Joseph,DH,BAL,Norfolk Tides,Triple-A,,,,,,
516664,Garabez,Rosa,Garabez Rosa,2B,BAL,Norfolk Tides,Triple-A,,,,,,
527031,Michael,Almanzar,Michael Almanzar,3B,BAL,Norfolk Tides,Triple-A,,,,,,
542897,Xavier,Avery,Xavier Avery,CF,BAL,Norfolk Tides,Triple-A,,,,,,
521009,Zach,Booker,Zach Booker,C,BAL,Norfolk Tides,Triple-A,,,,,,
518631,Terry,Doyle,Terry Doyle,P,BAL,Norfolk Tides,Triple-A,,,,,,
463748,Sharlon,Schoop,Sharlon Schoop,SS,BAL,Norfolk Tides,Triple-A,,,,,,
446185,Logan,Ondrusek,Logan Ondrusek,P,BAL,Norfolk Tides,Triple-A,,,,,,
444444,Mitch,Atkins,Mitch Atkins,P,BOS,Pawtucket Red Sox,Triple-A,,,,,,
592656,Henry,Ramos,Henry Ramos,CF,BOS,Pawtucket Red Sox,Triple-A,,,,,,
501731,Rainel,Rosario,Rainel Rosario,LF,BOS,Pawtucket Red Sox,Triple-A,,,,,,
455378,Ali,Solis,Ali Solis,C,BOS,Pawtucket Red Sox,Triple-A,,,,,,
576788,Dan,Butler,Dan Butler,C,BOS,Pawtucket Red Sox,Triple-A,,,,,,
592228,Keith,Couch,Keith Couch,P,BOS,Pawtucket Red Sox,Triple-A,,,,,,
592242,Jacob,Dahlstrand,Jacob Dahlstrand,P,BOS,Portland Sea Dogs,Double-A,,,,,,
593416,Mario,Alcantara,Mario Alcantara,P,BOS,Salem Red Sox,High-A,,,,,,
606242,Carlos,Mesa,Carlos Mesa,RF,BOS,Salem Red Sox,High-A,,,,,,
593427,David,Sopilka,David Sopilka,C,BOS,Salem Red Sox,High-A,,,,,,
457711,Sean,O'Sullivan,Sean O'Sullivan,P,BOS,Pawtucket Red Sox,Triple-A,,,,,,
571765,Matt,Heidenreich,Matt Heidenreich,P,CHA,Birmingham Barons,Double-A,,,,,,
570670,Eudy,Pina,Eudy Pina,RF,CHA,Birmingham Barons,Double-A,,,,,,
592675,Josh,Richmond,Josh Richmond,RF,CHA,Birmingham Barons,Double-A,,,,,,
571857,Colin,Kleven,Colin Kleven,P,CHA,Birmingham Barons,Double-A,,,,,,
594631,Euclides,Leyer,Euclides Leyer,P,CHA,Birmingham Barons,Double-A,,,,,,
502017,Marcus,Lemon,Marcus Lemon,LF,CHA,Charlotte Knights,Triple-A,,,,,,
571896,Matt,Lollis,Matt Lollis,P,CHA,Charlotte Knights,Triple-A,,,,,,
593439,Miguel,Chalas,Miguel Chalas,P,CHA,Charlotte Knights,Triple-A,,,,,,
448170,Travis,Ishikawa,Travis Ishikawa,DH,CHA,Charlotte Knights,Triple-A,,,,,,
434180,Kameron,Loe,Kameron Loe,P,CHA,Charlotte Knights,Triple-A,,,,,,
612808,Yojensy,Arias,Yojensy Arias,P,CHA,DSL White Sox,DSL,,,,,,
642527,Joselo,Pinales,Joselo Pinales,P,CHA,DSL White Sox,DSL,,,,,,
543742,Jerry,Sands,Jerry Sands,OF,CHA,Charlotte Knights,Triple-A,,,,,,
607477,Cole,Brocker,Cole Brocker,P,CHN,AZL Cubs,RK,,,,,,
571679,David,Freitas,David Freitas,C,CHN,Iowa Cubs,Triple-A,,,,,,
542225,Starling,Peralta,Starling Peralta,P,CHN,Iowa Cubs,Triple-A,,,,,,
488683,Scott,Barnes,Scott Barnes,P,CHN,Iowa Cubs,Triple-A,,,,,,
570233,Frank,Batista,Frank Batista,,CHN,Iowa Cubs,Triple-A,,,,,,
543155,Stephen,Fife,Stephen Fife,P,CHN,Iowa Cubs,Triple-A,,,,,,
531565,Miguel,Mejia,Miguel Mejia,,CHN,Iowa Cubs,Triple-A,,,,,,
444875,Matt,Murton,Matt Murton,RF,CHN,Iowa Cubs,Triple-A,,,,,,
543633,Juan ,Perez,Juan  Perez,LF,CHN,Iowa Cubs,Triple-A,,,,,,
543894,Logan,Watkins,Logan Watkins,2B,CHN,Iowa Cubs,Triple-A,,,,,,
571633,Kelly,Dugan,Kelly Dugan,,CHN,Tennessee Smokies,Double-A,,,,,,
501888,Ryan,Kalish,Ryan Kalish,OF,CHN,Iowa Cubs,Triple-A,,,,,,
543643,Jonathan,Pettibone,Jonathan Pettibone,P,CHN,Tennessee Smokies,Double-A,,,,,,
594781,Ben,Carhart,Ben Carhart,C,CHN,Tennessee Smokies,Double-A,,,,,,
615694,Jesse,Hodges,Jesse Hodges,3B,CHN,Myrtle Beach Pelicans,High-A,,,,,,
605353,Vimael,Machin,Vimael Machin,SS,CHN,South Bend Cubs,Low-A,,,,,,
543070,Aaron,Crow,Aaron Crow,P,CHN,AZL Cubs,RK,,,,,,
425664,Shane,Victorino,Shane Victorino,O,CHN,Iowa Cubs,Triple-A,,,,,,
544371,Donald,Lutz,Donald Lutz,1B,CIN,Louisville Bats,Triple-A,,,,,,
534592,Chris,Berset,Chris Berset,C,CIN,Louisville Bats,Triple-A,,,,,,
490675,Ray,Chang,Ray Chang,SS,CIN,Louisville Bats,Triple-A,,,,,,
502457,Drew,Hayes,Drew Hayes,P,CIN,Louisville Bats,Triple-A,,,,,,
607257,Raffy,Lopez,Raffy Lopez,C,CIN,Louisville Bats,Triple-A,,,,,,
508892,Carlos,Triunfel,Carlos Triunfel,2B,CIN,Louisville Bats,Triple-A,,,,,,
543881,Pedro,Villarreal,Pedro Villarreal,P,CIN,Louisville Bats,Triple-A,,,,,,
595337,El'Hajj,Muhammad,El'Hajj Muhammad,P,CIN,Pensacola Blue Wahoos,Double-A,,,,,,
593984,Ronald,Bueno,Ronald Bueno,2B,CIN,Pensacola Blue Wahoos,Double-A,,,,,,
502544,Nick,Buss,Nick Buss,LF,CIN,Louisville Bats,Triple-A,,,,,,
570479,Alex,Monsalve,Alex Monsalve,C,CLE,Columbus Clippers,Triple-A,,,,,,
574831,Michael,Choice,Michael Choice,RF,CLE,Columbus Clippers,Triple-A,,,,,,
543286,Shawn,Haviland,Shawn Haviland,P,CLE,Columbus Clippers,Triple-A,,,,,,
446192,Adam,Moore,Adam Moore,C,CLE,Columbus Clippers,Triple-A,,,,,,
425565,Guillermo,Quiroz,Guillermo Quiroz,C,CLE,Columbus Clippers,Triple-A,,,,,,
642838,Trevor,Foss,Trevor Foss,P,CLE,Lake County Captains,Low-A,,,,,,
488957,Carlos,Hernandez,Carlos Hernandez,P,COL,Albuquerque Isotopes,Triple-A,,,,,,
519425,Jackson,Williams,Jackson Williams,C,COL,Albuquerque Isotopes,Triple-A,,,,,,
488703,Jeff,Bianchi,Jeff Bianchi,SS,COL,Albuquerque Isotopes,Triple-A,,,,,,
516685,Nelson,Gonzalez,Nelson Gonzalez,P,COL,Albuquerque Isotopes,Triple-A,,,,,,
455126,Chris,Nelson,Chris Nelson,3B,COL,Albuquerque Isotopes,Triple-A,,,,,,
594011,Rosell,Herrera,Rosell Herrera,LF,COL,Hartford Yard Goats,Double-A,,,,,,
593977,Johendi,Jiminian,Johendi Jiminian,P,COL,Hartford Yard Goats,Double-A,,,,,,
570557,Wilson,Soriano,Wilson Soriano,O,COL,Hartford Yard Goats,Double-A,,,,,,
593997,Cesar,Galvez,Cesar Galvez,2B,COL,Hartford Yard Goats,Double-A,,,,,,
593473,Yoely,Bello,Yoely Bello,P,COL,Modesto Nuts,High-A,,,,,,
572726,Tyler,Bortnick,Tyler Bortnick,2B,DET,Toledo Mud Hens,Triple-A,,,,,,
474494,Thomas,Field,Thomas Field,2B,DET,Toledo Mud Hens,Triple-A,,,,,,
502151,Chad,Huffman,Chad Huffman,I,DET,Toledo Mud Hens,Triple-A,,,,,,
592443,Corey,Jones,Corey Jones,DH,DET,Toledo Mud Hens,Triple-A,,,,,,
519403,Thad,Weber,Thad Weber,P,DET,Toledo Mud Hens,Triple-A,,,,,,
592189,Yordy,Cabrera,Yordy Cabrera,P,DET,West Michigan Whitecaps,Low-A,,,,,,
434137,Logan,Kensing,Logan Kensing,P,DET,Toledo Mud Hens,Triple-A,,,,,,
594815,Jeff,Ferrell,Jeff Ferrell,P,DET,Toledo Mud Hens,Triple-A,,,,,,
456124,Erik,Kratz,Erik Kratz,,HOU,Fresno Grizzlies,Triple-A,,,,,,
592629,Roberto,Pena,Roberto Pena,C,HOU,Fresno Grizzlies,Triple-A,,,,,,
592739,Tommy,Shirley,Tommy Shirley,P,HOU,Fresno Grizzlies,Triple-A,,,,,,
595834,Jose,Fernandez,Jose Fernandez,2B,HOU,Lancaster JetHawks,High-A,,,,,,
570651,Carlos,Garcia,Carlos Garcia,LF,KC,Northwest Arkansas Naturals,Double-A,,,,,,
519159,Benino,Pruneda,Benino Pruneda,P,KC,Omaha Storm Chasers,Triple-A,,,,,,
543038,Dusty,Coleman,Dusty Coleman,PR,KC,Omaha Storm Chasers,Triple-A,,,,,,
572804,Cody,Decker,Cody Decker,1B,KC,Omaha Storm Chasers,Triple-A,,,,,,
458252,Irving,Falu,Irving Falu,3B,KC,Omaha Storm Chasers,Triple-A,,,,,,
516952,Angel,Franco,Angel Franco,2B,KC,Omaha Storm Chasers,Triple-A,,,,,,
458709,John,Lannan,John Lannan,P,KC,Omaha Storm Chasers,Triple-A,,,,,,
489150,Clayton,Mortensen,Clayton Mortensen,P,KC,Omaha Storm Chasers,Triple-A,,,,,,
542664,Aroni,Nina,Aroni Nina,P,KC,Omaha Storm Chasers,Triple-A,,,,,,
285078,Josh,Hamilton,Josh Hamilton,LF,L,L,5/21/1981,36,"Round 1 (1999, TB)",TEX,,,
657580,Nate,Fury,Nate Fury,P,LAA,Arkansas Travelers,Double-A,,,,,,
571767,Jabari,Henry,Jabari Henry,LF,LAA,Arkansas Travelers,Double-A,,,,,,
597113,D.J.,Johnson,D.J. Johnson,P,LAA,Arkansas Travelers,Double-A,,,,,,
643440,Stephen,McGee,Stephen McGee,C,LAA,Arkansas Travelers,Double-A,,,,,,
487675,Edward,Paredes,Edward Paredes,P,LAA,Arkansas Travelers,Double-A,,,,,,
521811,Anthony,Phillips,Anthony Phillips,SS,LAA,Arkansas Travelers,Double-A,,,,,,
542326,Jose ,Molina,Jose  Molina,P,LAA,Arkansas Travelers,Double-A,,,,,,
502158,Josh,Roenicke,Josh Roenicke,,LAA,Arkansas Travelers,Double-A,,,,,,
643527,Ryan,Scott,Ryan Scott,C,LAA,AZL Angels,RK,,,,,,
572590,Jhonny,Polanco,Jhonny Polanco,P,LAA,Burlington Bees,Low-A,,,,,,
622399,Eury,Sanchez,Eury Sanchez,P,LAA,Burlington Bees,Low-A,,,,,,
642610,Jose,Feliz,Jose Feliz,P,LAA,DSL Angels,DSL,,,,,,
657057,David,Trexler,David Trexler,P,LAA,Inland Empire 66ers,High-A,,,,,,
593590,Webster,Rivas,Webster Rivas,,LAA,Inland Empire 66ers,High-A,,,,,,
623412,Geoff,Broussard,Geoff Broussard,P,LAA,Salt Lake Bees,Triple-A,,,,,,
665103,Angelo,Amendolare,Angelo Amendolare,2B,LAA,Salt Lake Bees,Triple-A,,,,,,
493337,Yunesky,Maya,Yunesky Maya,P,LAA,Salt Lake Bees,Triple-A,,,,,,
571990,Zach,Nuding,Zach Nuding,P,LAA,Salt Lake Bees,Triple-A,,,,,,
519071,Rey,Navarro,Rey Navarro,SS,LAA,Salt Lake Bees,Triple-A,,,,,,
623377,Brandon,Bayardi,Brandon Bayardi,RF,LAA,Arkansas Travelers,Double-A,,,,,,
642114,Michael,Strentz,Michael Strentz,RF,LAA,Arkansas Travelers,Double-A,,,,,,
641977,Jordan,Piche,Jordan Piche,P,LAA,Inland Empire 66ers,High-A,,,,,,
643395,Josh,Kimborowicz,Josh Kimborowicz,P,LAN,Ogden Raptors,ADV-RK,,,,,,
650625,Gregor,Mora,Gregor Mora,P,LAN,Ogden Raptors,ADV-RK,,,,,,
543389,Jeremy,Kehrt,Jeremy Kehrt,P,LAN,Oklahoma City Dodgers,Triple-A,,,,,,
543482,Drew,Maggi,Drew Maggi,3B,LAN,Oklahoma City Dodgers,Triple-A,,,,,,
502249,Lars,Anderson,Lars Anderson,1B,LAN,Oklahoma City Dodgers,Triple-A,,,,,,
446395,Corey,Brown,Corey Brown,CF,LAN,Oklahoma City Dodgers,Triple-A,,,,,,
593588,Josmar,Cordero,Josmar Cordero,1B,LAN,Oklahoma City Dodgers,Triple-A,,,,,,
518794,Brandon,Hicks,Brandon Hicks,2B,LAN,Oklahoma City Dodgers,Triple-A,,,,,,
592596,Rico,Noel,Rico Noel,CF,LAN,Oklahoma City Dodgers,Triple-A,,,,,,
607348,Tim,Shibuya,Tim Shibuya,P,LAN,Oklahoma City Dodgers,Triple-A,,,,,,
519452,Shawn,Zarraga,Shawn Zarraga,C,LAN,Oklahoma City Dodgers,Triple-A,,,,,,
643464,Dillon,Moyer,Dillon Moyer,P,LAN,Rancho Cucamonga Quakes,High-A,,,,,,
548183,Alex,Burgos,Alex Burgos,P,LAN,Tulsa Drillers,Double-A,,,,,,
542289,Daniel,Corcino,Daniel Corcino,P,LAN,Tulsa Drillers,Double-A,,,,,,
542413,Felipe,Gonzalez,Felipe Gonzalez,P,LAN,Tulsa Drillers,Double-A,,,,,,
545349,Jeff,Malm,Jeff Malm,P,LAN,Tulsa Drillers,Double-A,,,,,,
451628,Alfredo,Figaro,Alfredo Figaro,P,LAN,Tulsa Drillers,Double-A,,,,,,
595945,Alex,Fernandez,Alex Fernandez,O,MIA,Greensboro Grasshoppers,Low-A,,,,,,
516472,Francisco,Arcia,Francisco Arcia,C,MIA,Jacksonville Jumbo Shrimp,Double-A,,,,,,
577029,Chris,Curley,Chris Curley,3B,MIA,Jacksonville Jumbo Shrimp,Double-A,,,,,,
595378,James,Roberts,James Roberts,3B,MIA,Jacksonville Jumbo Shrimp,Double-A,,,,,,
518543,Ryan,Chaffee,Ryan Chaffee,P,MIA,Jacksonville Jumbo Shrimp,Double-A,,,,,,
657234,Trey,Lambert,Trey Lambert,P,MIA,Jupiter Hammerheads,High-A,,,,,,
542301,Juancito,Martinez,Juancito Martinez,P,MIA,Jupiter Hammerheads,High-A,,,,,,
518420,Dylan,Axelrod,Dylan Axelrod,P,MIA,New Orleans Zephyrs,Triple-A,,,,,,
543589,Adrian,Nieto,Adrian Nieto,C,MIA,New Orleans Zephyrs,Triple-A,,,,,,
519303,Elliot,Soto,Elliot Soto,SS,MIA,New Orleans Zephyrs,Triple-A,,,,,,
519402,Garrett,Weber,Garrett Weber,2B,MIA,New Orleans Zephyrs,Triple-A,,,,,,
607768,Sutton,Whiting,Sutton Whiting,2B,MIA,New Orleans Zephyrs,Triple-A,,,,,,
543932,Kenny,Wilson,Kenny Wilson,RF,MIA,New Orleans Zephyrs,Triple-A,,,,,,
430603,Don,Kelly,Don Kelly,INF,MIA,New Orleans Zephyrs,Triple-A,,,,,,
591973,Kender,Villegas,Kender Villegas,P,MIL,Brevard County Manatees,High-A,,,,,,
488776,Jaye,Chapman,Jaye Chapman,P,MIL,Colorado Springs Sky Sox,Triple-A,,,,,,
543200,Rene,Garcia,Rene Garcia,C,MIL,Colorado Springs Sky Sox,Triple-A,,,,,,
457422,Tim,Dillard,Tim Dillard,P,MIL,Colorado Springs Sky Sox,Triple-A,,,,,,
571736,Brooks,Hall,Brooks Hall,P,MIL,Colorado Springs Sky Sox,Triple-A,,,,,,
592697,Austin,Ross,Austin Ross,P,MIL,Colorado Springs Sky Sox,Triple-A,,,,,,
514856,Jairo,Rodriguez,Jairo Rodriguez,C,MIN,Chattanooga Lookouts,Double-A,,,,,,
514923,Omar,Bencomo,Omar Bencomo,P,MIN,Chattanooga Lookouts,Double-A,,,,,,
658679,Yeison,Perez,Yeison Perez,C,MIN,DSL Twins,DSL,,,,,,
593951,Aderling,Mejia,Aderling Mejia,2B,MIN,Fort Myers Miracle,High-A,,,,,,
600915,Yorman,Landa,Yorman Landa,P,MIN,Fort Myers Miracle,High-A,,,,,,
544827,Carlos,Paulino,Carlos Paulino,C,MIN,Rochester Red Wings,Triple-A,,,,,,
519393,Marcus,Walden,Marcus Walden,P,MIN,Rochester Red Wings,Triple-A,,,,,,
572889,Nick,Greenwood,Nick Greenwood,P,MIN,Rochester Red Wings,Triple-A,,,,,,
451075,David,Martinez,David Martinez,P,MIN,Rochester Red Wings,Triple-A,,,,,,
518991,Darin,Mastroianni,Darin Mastroianni,CF,MIN,Rochester Red Wings,Triple-A,,,,,,
471906,Reynaldo,Rodriguez,Reynaldo Rodriguez,LF,MIN,Rochester Red Wings,Triple-A,,,,,,
541600,Wilfredo,Tovar,Wilfredo Tovar,SS,MIN,Rochester Red Wings,Triple-A,,,,,,
592244,Logan,Darnell,Logan Darnell,P,MIN,Rochester Red Wings,Triple-A,,,,,,
503437,James,Beresford,James Beresford,3B,MIN,Rochester Red Wings,Triple-A,,,,,,
593468,Claudio,Custodio,Claudio Custodio,P,NYA,Charleston RiverDogs,Low-A,,,,,,
575348,Jose,Rosario,Jose Rosario,2B,NYA,Scranton/Wilkes-Barre RailRiders,Triple-A,,,,,,
516679,Sebastian,Valle,Sebastian Valle,C,NYA,Scranton/Wilkes-Barre RailRiders,Triple-A,,,,,,
457775,Desmond,Jennings,Desmond Jennings,OF,R,R,10/30/1986,30,"Round 10 (2006, TB)",CIN,,,
453256,Eddy,Rodriguez,Eddy Rodriguez,C,NYA,Scranton/Wilkes-Barre RailRiders,Triple-A,,,,,,
592290,Gabriel,Encinas,Gabriel Encinas,P,NYA,Tampa Yankees,High-A,,,,,,
574888,Santiago,Nessy,Santiago Nessy,C,NYA,Tampa Yankees,High-A,,,,,,
592237,Cito,Culver,Cito Culver,2B,NYA,Trenton Thunder,Double-A,,,,,,
614266,Alex,Smith,Alex Smith,P,NYA,Trenton Thunder,Double-A,,,,,,
595441,Matt,Tracy,Matt Tracy,P,NYA,Trenton Thunder,Double-A,,,,,,
543214,Derrik,Gibson,Derrik Gibson,2B,NYN,Binghamton Mets,Double-A,,,,,,
542466,Raywilly,Gomez,Raywilly Gomez,C,NYN,Binghamton Mets,Double-A,,,,,,
593670,Rainy,Lara,Rainy Lara,P,NYN,Binghamton Mets,Double-A,,,,,,
593619,Domingo,Tapia,Domingo Tapia,P,NYN,Binghamton Mets,Double-A,,,,,,
451131,Tyler,Herron,Tyler Herron,P,NYN,Binghamton Mets,Double-A,,,,,,
593680,Adrian,Abreu,Adrian Abreu,C,NYN,Columbia Fireflies,Low-A,,,,,,
593608,Gabriel,Feliz,Gabriel Feliz,P,NYN,Columbia Fireflies,Low-A,,,,,,
462962,Niuman,Romero,Niuman Romero,SS,NYN,Las Vegas 51s,Triple-A,,,,,,
502213,Nevin,Ashley,Nevin Ashley,C,NYN,Las Vegas 51s,Triple-A,,,,,,
502102,Duane,Below,Duane Below,P,NYN,Las Vegas 51s,Triple-A,,,,,,
571712,Jeff,Glenn,Jeff Glenn,C,NYN,Las Vegas 51s,Triple-A,,,,,,
571719,Darin,Gorski,Darin Gorski,P,NYN,Las Vegas 51s,Triple-A,,,,,,
597972,Chase,Huchingson,Chase Huchingson,P,NYN,Las Vegas 51s,Triple-A,,,,,,
571868,Marc,Krauss,Marc Krauss,1B,NYN,Las Vegas 51s,Triple-A,,,,,,
543856,Zach,Thornton,Zach Thornton,P,NYN,Las Vegas 51s,Triple-A,,,,,,
554108,Michael,Soto,Michael Soto,1B,OAK,Beloit Snappers,Low-A,,,,,,
584176,Andres,Avila,Andres Avila,P,OAK,Midland RockHounds,Double-A,,,,,,
534580,Wade,Kirkland,Wade Kirkland,2B,OAK,Midland RockHounds,Double-A,,,,,,
543114,Ryan,Doolittle,Ryan Doolittle,P,OAK,Nashville Sounds,Triple-A,,,,,,
457762,Bryan,Anderson,Bryan Anderson,C,OAK,Nashville Sounds,Triple-A,,,,,,
502162,Angel,Castro,Angel Castro,P,OAK,Nashville Sounds,Triple-A,,,,,,
542742,Eduard,Santos,Eduard Santos,P,OAK,Nashville Sounds,Triple-A,,,,,,
595111,Carlos,Alonso,Carlos Alonso,2B,PHI,Lehigh Valley IronPigs,Triple-A,,,,,,
444844,Jake,Fox,Jake Fox,DH,PHI,Reading Fightin Phils,Double-A,,,,,,
461842,Christian,Marrero,Christian Marrero,RF,PHI,Reading Fightin Phils,Double-A,,,,,,
605466,KC,Serna,KC Serna,DH,PHI,Reading Fightin Phils,Double-A,,,,,,
501986,Cedric,Hunter,Cedric Hunter,OF,PHI,Lehigh Valley IronPigs,Triple-A,,,,,,
592105,Stetson,Allie,Stetson Allie,RF,PIT,Altoona Curve,Double-A,,,,,,
650488,Drew,Rossi,Drew Rossi,P,PIT,GCL Pirates,RK,,,,,,
458720,John,Holdzkom,John Holdzkom,P,PIT,GCL Pirates,RK,,,,,,
593442,Jhondaniel,Medina,Jhondaniel Medina,P,PIT,Indianapolis Indians,Triple-A,,,,,,
501726,Juan,Diaz,Juan Diaz,P,PIT,Indianapolis Indians,Triple-A,,,,,,
543188,Jim,Fuller,Jim Fuller,P,PIT,Indianapolis Indians,Triple-A,,,,,,
517629,Kelvin,Marte,Kelvin Marte,P,PIT,Indianapolis Indians,Triple-A,,,,,,
488861,Jason,Erickson,Jason Erickson,P,PIT,West Virginia Power,Low-A,,,,,,
594951,Ryan,O'Rourke,Ryan O'Rourke,P,R,L,4/30/1988,29,"Round 13 (2010, MIN)",MIN,,,
407890,Colby,Lewis,Colby Lewis,P,R,R,8/2/1979,37,"Compensation (1999, ",TEX,,,
621283,Stephen,Johnson,Stephen Johnson,P,R,R,2/21/1991,26,"Round 6 (2012, SF)",CIN,,,
488810,Tony,Cruz,Tony Cruz,CA,R,R,8/18/1986,30,"Round 26 (2007, STL)",KC,,,ML
448178,Kevin,Jepsen,Kevin Jepsen,P,R,R,7/26/1984,32,"Round 2 (2002, ANA)",TB,PIT,Indianapolis Indians,Triple-A
541608,Ramon,Cabrera,Ramon Cabrera,CA,S,R,11/5/1989,27,,CIN,,,
542357,Diego,Goris,Diego Goris,1B,SD,El Paso Chihuahuas,Triple-A,,,,,,
592506,Taylor,Lindsey,Taylor Lindsey,PH,SD,El Paso Chihuahuas,Triple-A,,,,,,
570270,Miguel,Del Castillo,Miguel Del Castillo,C,SD,El Paso Chihuahuas,Triple-A,,,,,,
594811,Derek,Eitel,Derek Eitel,P,SD,El Paso Chihuahuas,Triple-A,,,,,,
571057,Frank,Garces,Frank Garces,P,SD,El Paso Chihuahuas,Triple-A,,,,,,
571734,Jason,Hagerty,Jason Hagerty,C,SD,El Paso Chihuahuas,Triple-A,,,,,,
572943,Jeffrey,Ibarra,Jeffrey Ibarra,,SD,El Paso Chihuahuas,Triple-A,,,,,,
445216,Daniel,McCutchen,Daniel McCutchen,P,SD,El Paso Chihuahuas,Triple-A,,,,,,
446290,Daniel,Moskos,Daniel Moskos,P,SD,El Paso Chihuahuas,Triple-A,,,,,,
573062,Aaron,Northcraft,Aaron Northcraft,P,SD,El Paso Chihuahuas,Triple-A,,,,,,
522228,Carlos,Pimentel,Carlos Pimentel,P,SD,El Paso Chihuahuas,Triple-A,,,,,,
519229,Seth,Rosin,Seth Rosin,P,SD,El Paso Chihuahuas,Triple-A,,,,,,
594020,Ricardo,Valenzuela,Ricardo Valenzuela,C,SD,El Paso Chihuahuas,Triple-A,,,,,,
605438,Hunter,Redman,Hunter Redman,C,SD,Lake Elsinore Storm,High-A,,,,,,
571074,Luis,Diaz,Luis Diaz,P,SD,San Antonio Missions,Double-A,,,,,,
593775,Gabriel,Quintana,Gabriel Quintana,3B,SD,San Antonio Missions,Double-A,,,,,,
593776,Luis,Tejada,Luis Tejada,O,SD,San Antonio Missions,Double-A,,,,,,
407819,Matt,Thornton,Matt Thornton,P,SD,Lake Elsinore Storm,High-A,,,,,,
523848,Jose,Dominguez,Jose Dominguez,P,SD,El Paso Chihuahuas,Triple-A,,,,,,
543744,Josh,Satin,Josh Satin,1B,SD,El Paso Chihuahuas,Triple-A,,,,,,
642452,Ismael,Pena,Ismael Pena,1B,SEA,AZL Mariners,RK,,,,,,
517539,Ramon,Morla,Ramon Morla,P,SEA,Bakersfield Blaze,High-A,,,,,,
656118,Geovanny,Acosta,Geovanny Acosta,P,SEA,DSL Mariners1,DSL,,,,,,
642739,Luis,Benoit,Luis Benoit,2B,SEA,DSL Mariners1,DSL,,,,,,
595141,Patrick,Brady,Patrick Brady,3B,SEA,Jackson Generals,Double-A,,,,,,
543141,Bryan,Evans,Bryan Evans,P,SEA,Jackson Generals,Double-A,,,,,,
543232,Benji,Gonzalez,Benji Gonzalez,SS,SEA,Jackson Generals,Double-A,,,,,,
518914,Leon,Landry,Leon Landry,DH,SEA,Jackson Generals,Double-A,,,,,,
593691,Isaac,Sanchez,Isaac Sanchez,P,SEA,Jackson Generals,Double-A,,,,,,
636520,Kyle,Schepel,Kyle Schepel,P,SEA,Jackson Generals,Double-A,,,,,,
624426,Austin,Cousino,Austin Cousino,CF,SEA,Tacoma Rainiers,Triple-A,,,,,,
488689,Mike,Baxter,Mike Baxter,DH,SEA,Tacoma Rainiers,Triple-A,,,,,,
518603,Justin,De Fratus,Justin De Fratus,P,SEA,Tacoma Rainiers,Triple-A,,,,,,
664914,P.J.,Jones,P.J. Jones,C,SEA,Tacoma Rainiers,Triple-A,,,,,,
452722,Steven,Lerud,Steven Lerud,C,SEA,Tacoma Rainiers,Triple-A,,,,,,
448296,Ed,Lucas,Ed Lucas,3B,SEA,Tacoma Rainiers,Triple-A,,,,,,
576409,Kevin,Munson,Kevin Munson,P,SEA,Tacoma Rainiers,Triple-A,,,,,,
459439,Jarrett,Grube,Jarrett Grube,P,SEA,Tacoma Rainiers,Triple-A,,,,,,
489002,Steve,Johnson,Steve Johnson,P,SEA,Tacoma Rainiers,Triple-A,,,,,,
407908,Joel,Peralta,Joel Peralta,P,SEA,Tacoma Rainiers,Triple-A,,,,,,
594740,Jeff,Arnold,Jeff Arnold,C,SF,Richmond Flying Squirrels,Double-A,,,,,,
,,,,,,,,,,,,,
519037,Carlos,Moncrief,Carlos Moncrief,PH,SF,Richmond Flying Squirrels,Double-A,,,,,,
505830,Angel,Villalona,Angel Villalona,1B,SF,Richmond Flying Squirrels,Double-A,,,,,,
503474,Jose,Casilla,Jose Casilla,P,SF,Sacramento River Cats,Triple-A,,,,,,
466463,Pedro,Rodriguez,Pedro Rodriguez,P,SF,Sacramento River Cats,Triple-A,,,,,,
488878,Austin,Fleet,Austin Fleet,P,SF,Sacramento River Cats,Triple-A,,,,,,
452096,Darren,Ford,Darren Ford,LF,SF,Sacramento River Cats,Triple-A,,,,,,
596840,Robbie,Garvey,Robbie Garvey,LF,SF,Sacramento River Cats,Triple-A,,,,,,
608473,Travis,Higgs,Travis Higgs,C,SF,Sacramento River Cats,Triple-A,,,,,,
489067,Ryan,Lollis,Ryan Lollis,1B,SF,Sacramento River Cats,Triple-A,,,,,,
500882,Nestor,Molina,Nestor Molina,P,SF,Sacramento River Cats,Triple-A,,,,,,
456776,Alex,Torres,Alex Torres,P,SF,Sacramento River Cats,Triple-A,,,,,,
,,,,,,,,,,,,,
458550,Jeremy,Hefner,Jeremy Hefner,P,STL,Memphis Redbirds,Triple-A,,,,,,
572088,Jonathan,Rodriguez,Jonathan Rodriguez,1B,STL,Memphis Redbirds,Triple-A,,,,,,
543833,J.C.,Sulbaran,J.C. Sulbaran,P,STL,Memphis Redbirds,Triple-A,,,,,,
552673,Tyler,Waldron,Tyler Waldron,P,STL,Memphis Redbirds,Triple-A,,,,,,
534899,Justin,Wright,Justin Wright,P,STL,Memphis Redbirds,Triple-A,,,,,,
591688,Silfredo,Garcia,Silfredo Garcia,P,STL,Palm Beach Cardinals,High-A,,,,,,
553980,Gerwuins,Velazco,Gerwuins Velazco,P,STL,Peoria Chiefs,Low-A,,,,,,
591687,Jhonatan,Escudero,Jhonatan Escudero,P,STL,State College Spikes,Short-A,,,,,,
553881,Wilmer,Dominguez,Wilmer Dominguez,C,TB,Charlotte Stone Crabs,High-A,,,,,,
592473,Adam,Kolarek,Adam Kolarek,P,TB,Durham Bulls,Triple-A,,,,,,
571917,Parker,Markel,Parker Markel,P,TB,Durham Bulls,Triple-A,,,,,,
521309,Mayo,Acosta,Mayo Acosta,C,TB,Durham Bulls,Triple-A,,,,,,
593751,Jose,Alonzo,Jose Alonzo,P,TB,Hudson Valley Renegades,Short-A,,,,,,
592259,Jake,DePew,Jake DePew,C,TB,Montgomery Biscuits,Double-A,,,,,,
534581,Daniel,Tillman,Daniel Tillman,P,TB,Montgomery Biscuits,Double-A,,,,,,
543860,Kevin,Torres,Kevin Torres,C,TEX,Down East Wood Ducks,High-A,,,,,,
592256,Kellin,Deglan,Kellin Deglan,C,TEX,Frisco RoughRiders,Double-A,,,,,,
430961,Carlos,Maldonado,Carlos Maldonado,C,TEX,Frisco RoughRiders,Double-A,,,,,,
607422,Jack,Snodgrass,Jack Snodgrass,P,TEX,Frisco RoughRiders,Double-A,,,,,,
593580,Dario,Beltre,Dario Beltre,P,TEX,Hickory Crawdads,Low-A,,,,,,
547981,Alexei,Bell,Alexei Bell,O,TEX,Round Rock Express,Triple-A,,,,,,
457580,Anthony,Carter,Anthony Carter,P,TEX,Round Rock Express,Triple-A,,,,,,
465674,Pedro,Ciriaco,Pedro Ciriaco,DH,TEX,Round Rock Express,Triple-A,,,,,,
457567,Carlos,Fisher,Carlos Fisher,P,TEX,Round Rock Express,Triple-A,,,,,,
542655,Edwin,Garcia,Edwin Garcia,SS,TEX,Round Rock Express,Triple-A,,,,,,
542657,Jose,Monegro,Jose Monegro,P,TEX,Round Rock Express,Triple-A,,,,,,
542879,John,Anderson,John Anderson,P,TOR,Buffalo Bisons,Triple-A,,,,,,
446868,Wilkin,Castillo,Wilkin Castillo,C,TOR,Buffalo Bisons,Triple-A,,,,,,
518833,Colt,Hynes,Colt Hynes,P,TOR,Buffalo Bisons,Triple-A,,,,,,
444859,Melky,Mesa,Melky Mesa,RF,TOR,Buffalo Bisons,Triple-A,,,,,,
458691,David,Adams,David Adams,2B,TOR,Buffalo Bisons,Triple-A,,,,,,
542884,Dustin,Antolin,Dustin Antolin,P,TOR,Buffalo Bisons,Triple-A,,,,,,
499841,Luis,Hurtado,Luis Hurtado,C,TOR,Buffalo Bisons,Triple-A,,,,,,
445090,Bobby,Korecky,Bobby Korecky,P,TOR,Buffalo Bisons,Triple-A,,,,,,
519003,Pat,McCoy,Pat McCoy,P,TOR,Buffalo Bisons,Triple-A,,,,,,
545353,Jio,Mier,Jio Mier,SS,TOR,Buffalo Bisons,Triple-A,,,,,,
595199,Andy,Fermin,Andy Fermin,3B,TOR,Dunedin Blue Jays,High-A,,,,,,
550012,Gustavo,Pierre,Gustavo Pierre,P,TOR,Lansing Lugnuts,Low-A,,,,,,
460072,Jason,Berken,Jason Berken,P,TOR,New Hampshire Fisher Cats,Double-A,,,,,,
573166,Murphy,Smith,Murphy Smith,P,TOR,New Hampshire Fisher Cats,Double-A,,,,,,
643559,John,Straka,John Straka,P,TOR,New Hampshire Fisher Cats,Double-A,,,,,,
539438,Scott,Diamond,Scott Diamond,P,TOR,Buffalo Bisons,Triple-A,,,,,,
504186,Arnold,Leon,Arnold Leon,P,TOR,Buffalo Bisons,Triple-A,,,,,,
592408,Neil,Holland,Neil Holland,P,WAS,Harrisburg Senators,Double-A,,,,,,
460271,Devin,Ivany,Devin Ivany,C,WAS,Harrisburg Senators,Double-A,,,,,,
502089,Brian,Jeroloman,Brian Jeroloman,C,WAS,Harrisburg Senators,Double-A,,,,,,
595031,Boone,Whiting,Boone Whiting,P,WAS,Harrisburg Senators,Double-A,,,,,,
593823,Narciso,Mesa,Narciso Mesa,RF,WAS,Potomac Nationals,High-A,,,,,,
542469,Andruth,Ramirez,Andruth Ramirez,C,WAS,Potomac Nationals,High-A,,,,,,
518881,Kevin,Keyes,Kevin Keyes,LF,WAS,Syracuse Chiefs,Triple-A,,,,,,
474384,Nate,Freiman,Nate Freiman,PH,WAS,Syracuse Chiefs,Triple-A,,,,,,
444836,Aaron,Laffey,Aaron Laffey,P,WAS,Syracuse Chiefs,Triple-A,,,,,,
518944,Mitch,Lively,Mitch Lively,P,WAS,Syracuse Chiefs,Triple-A,,,,,,
543471,Jose,Lozada,Jose Lozada,SS,WAS,Syracuse Chiefs,Triple-A,,,,,,
519236,Sam,Runion,Sam Runion,P,WAS,Syracuse Chiefs,Triple-A,,,,,,
,,,,,,,,,,,,,
,,,,,,,,,,,,,
,,,,,,,,,,,,,
,,,,,,,,,,,,,
,,,,,,,,,,,,,
,,,,,,,,,,,,,
,,,,,,,,,,,,,
,,,,,,,,,,,,,
,,,,,,,,,,,,,
,,,,,,,,,,,,,
,,,,,,,,,,,,,
,,,,,,,,,,,,,
,,,,,,,,,,,,,
,,,,,,,,,,,,,
,,,,,,,,,,,,,
,,,,,,,,,,,,,
,,,,,,,,,,,,,
,,,,,,,,,,,,,
544269,Juan,Duran,Juan Duran,RF,,,,,,,,,
